,OverallQual,SalePrice,YearBuilt,YearRemodAdd,MasVnrArea,TotalBsmtSF,1stFlrSF,GrLivArea,FullBath,TotRmsAbvGrd,Fireplaces,GarageYrBlt,GarageCars,GarageArea,Neighborhood_NridgHt,ExterQual_Gd,Foundation_PConc,BsmtFinType1_GLQ
0,7,208500,2003,2003,196,856,856,1710,2,8,0,2003,2,548,0,1,1,1
1,6,181500,1976,1976,0,1262,1262,1262,2,6,1,1976,2,460,0,0,0,0
2,7,223500,2001,2002,162,920,920,1786,2,6,1,2001,2,608,0,1,1,1
3,7,140000,1915,1970,0,756,961,1717,1,7,1,1998,3,642,0,0,0,0
4,8,250000,2000,2000,350,1145,1145,2198,2,9,1,2000,3,836,0,1,1,1
5,5,143000,1993,1995,0,796,796,1362,1,5,0,1993,2,480,0,0,0,1
6,8,307000,2004,2005,186,1686,1694,1694,2,7,1,2004,2,636,0,1,1,1
7,7,200000,1973,1973,240,1107,1107,2090,2,7,2,1973,2,484,0,0,0,0
8,7,129900,1931,1950,0,952,1022,1774,2,8,2,1931,2,468,0,0,0,0
9,5,118000,1939,1950,0,991,1077,1077,1,5,2,1939,1,205,0,0,0,1
10,5,129500,1965,1965,0,1040,1040,1040,1,5,0,1965,1,384,0,0,0,0
11,9,345000,2005,2006,286,1175,1182,2324,3,11,2,2005,3,736,1,0,1,1
12,5,144000,1962,1962,0,912,912,912,1,4,0,1962,1,352,0,0,0,0
13,7,279500,2006,2007,306,1494,1494,1494,2,7,1,2006,3,840,0,1,1,0
14,6,157000,1960,1960,212,1253,1253,1253,1,5,1,1960,1,352,0,0,0,0
15,7,132000,1929,2001,0,832,854,854,1,5,0,1991,2,576,0,0,0,0
16,6,149000,1970,1970,180,1004,1004,1004,1,5,1,1970,2,480,0,0,0,0
17,4,90000,1967,1967,0,0,1296,1296,2,6,0,1967,2,516,0,0,0,0
18,5,159000,2004,2004,0,1114,1114,1114,1,6,0,2004,2,576,0,0,1,1
19,5,139000,1958,1965,0,1029,1339,1339,1,6,0,1958,1,294,0,0,0,0
20,8,325300,2005,2006,380,1158,1158,2376,3,9,1,2005,3,853,1,1,1,0
21,7,139400,1930,1950,0,637,1108,1108,1,6,1,1930,1,280,0,0,1,0
22,8,230000,2002,2002,281,1777,1795,1795,2,7,1,2002,2,534,0,1,1,0
23,5,129900,1976,1976,0,1040,1060,1060,1,6,1,1976,2,572,0,0,1,1
24,5,154000,1968,2001,0,1060,1060,1060,1,6,1,1968,1,270,0,0,0,0
25,8,256300,2007,2007,640,1566,1600,1600,2,7,1,2007,3,890,1,1,1,0
26,5,134800,1951,2000,0,900,900,900,1,5,0,2005,2,576,0,0,0,0
27,8,306000,2007,2008,200,1704,1704,1704,2,7,1,2008,3,772,1,1,1,1
28,5,207500,1957,1997,0,1484,1600,1600,1,6,2,1957,1,319,0,0,0,0
29,4,68500,1927,1950,0,520,520,520,1,4,0,1920,1,240,0,0,0,0
30,4,40000,1920,1950,0,649,649,1317,1,6,0,1920,1,250,0,0,0,0
31,5,149350,1966,2006,0,1228,1228,1228,1,6,0,1966,1,271,0,0,0,0
32,8,179900,2007,2007,0,1234,1234,1234,2,7,0,2007,2,484,0,1,1,0
33,5,165500,1959,1959,0,1398,1700,1700,1,6,1,1959,2,447,0,0,0,0
34,9,277500,2005,2005,246,1561,1561,1561,2,6,1,2005,2,556,1,0,1,1
35,8,309000,2004,2005,132,1117,1132,2452,3,9,1,2004,3,691,1,1,1,0
36,5,145000,1994,1995,0,1097,1097,1097,1,6,0,1995,2,672,0,0,1,0
37,5,153000,1954,1990,650,1297,1297,1297,1,5,1,1954,2,498,0,0,0,0
38,5,109000,1953,2007,0,1057,1057,1057,1,5,0,1953,1,246,0,0,0,1
39,4,82000,1955,1955,0,0,1152,1152,2,6,0,1927,0,0,0,0,1,0
40,6,160000,1965,1965,101,1088,1324,1324,2,6,1,1965,2,440,0,0,0,0
41,5,170000,1959,1959,0,1350,1328,1328,1,5,2,1959,1,308,0,0,0,0
42,5,144000,1983,1983,0,840,884,884,1,5,0,1983,2,504,0,0,0,0
43,5,130250,1975,1980,0,938,938,938,1,5,0,1977,1,308,0,0,0,0
44,5,141000,1959,1959,0,1150,1150,1150,1,6,0,1959,1,300,0,0,0,0
45,9,319900,2005,2005,412,1752,1752,1752,2,6,1,2005,2,576,1,0,1,1
46,7,239686,2003,2003,0,1434,1518,2149,1,6,1,2003,2,670,0,1,1,1
47,8,249700,2006,2006,0,1656,1656,1656,2,7,0,2006,3,826,0,1,1,1
48,4,113000,1920,2008,0,736,736,1452,2,8,0,1927,0,0,0,0,0,0
49,5,127000,1966,1966,0,955,955,955,1,6,0,1966,1,386,0,0,0,0
50,6,177000,1997,1997,0,794,794,1470,2,6,0,1997,2,388,0,0,1,1
51,6,114500,1934,1950,0,816,816,1176,1,6,1,1985,2,528,0,0,1,0
52,5,110000,1963,1963,0,816,816,816,1,5,0,1963,2,516,0,0,0,0
53,9,385000,1981,1987,0,1842,1842,1842,0,5,1,1981,3,894,0,1,0,1
54,5,130000,1955,1955,0,384,1360,1360,1,6,1,1962,2,572,0,0,0,0
55,6,180500,1964,1964,272,1425,1425,1425,2,7,1,1964,2,576,0,0,0,0
56,8,172500,1999,2000,456,970,983,1739,2,7,0,1999,2,480,0,1,1,1
57,7,196500,2004,2004,0,860,860,1720,2,7,0,2004,2,565,0,1,1,0
58,10,438780,2006,2006,1031,1410,1426,2945,3,10,1,2006,3,641,0,0,1,0
59,5,124900,1972,1972,0,780,780,780,1,4,0,1973,1,352,0,0,0,0
60,6,158000,2004,2004,0,1158,1158,1158,1,5,0,2006,2,576,0,0,1,0
61,5,101000,1920,1996,0,530,581,1111,1,6,0,1935,1,288,0,0,0,0
62,8,202500,2006,2006,178,1370,1370,1370,2,6,1,2006,2,484,1,1,1,1
63,7,140000,1921,1950,0,576,902,1710,2,9,0,1990,2,480,0,0,0,0
64,7,219500,1997,1998,573,1057,1057,2034,2,8,0,1998,2,645,0,0,1,1
65,8,317000,2004,2005,344,1143,1143,2473,2,9,1,2004,3,852,1,1,1,0
66,7,180000,1970,1989,287,1947,2207,2207,2,7,1,1970,2,576,0,0,0,1
67,7,226000,2003,2003,167,1453,1479,1479,2,7,0,2003,2,558,0,1,1,1
68,4,80000,1945,1950,0,747,747,747,1,4,0,1945,1,220,0,0,0,0
69,7,225000,1953,1953,0,1304,1304,2287,2,7,1,1953,2,667,0,1,0,0
70,7,244000,1973,1973,1115,2223,2223,2223,2,8,2,1973,2,516,0,0,0,0
71,4,129500,1982,2006,0,845,845,845,1,4,0,1987,2,360,0,0,0,0
72,7,185000,1998,1998,40,832,885,1718,2,7,1,1998,2,427,0,0,1,0
73,5,144900,1954,2003,104,1086,1086,1086,1,6,0,1989,2,490,0,0,0,0
74,3,107400,1915,1950,0,840,840,1605,2,8,0,1915,1,379,0,1,0,0
75,4,91000,1973,1973,0,462,526,988,1,5,0,1973,1,297,0,0,0,1
76,4,135750,1956,1956,0,952,952,952,1,4,0,1956,1,283,0,0,0,0
77,5,127000,1948,2001,0,672,1072,1285,1,6,0,1948,1,240,0,0,0,0
78,4,136500,1968,1968,0,1768,1768,1768,2,8,0,1927,0,0,0,0,0,0
79,5,110000,1910,1981,0,440,682,1230,1,5,0,1966,2,440,0,0,1,0
80,6,193500,1968,1968,576,896,1182,2142,2,8,1,1968,1,509,0,0,0,0
81,6,153500,1998,1998,443,1237,1337,1337,2,5,0,1998,2,405,0,0,1,1
82,8,245000,2007,2007,468,1563,1563,1563,2,6,1,2007,3,758,0,0,1,1
83,5,126500,1960,1960,66,1065,1065,1065,1,6,0,1974,2,461,0,0,0,0
84,7,168500,1995,1996,22,384,804,1474,2,7,1,1995,2,400,0,0,1,0
85,8,260000,1991,1992,284,1288,1301,2417,2,9,1,1991,2,462,0,1,0,0
86,6,174000,2005,2005,0,684,684,1560,2,6,1,2005,2,400,0,1,1,0
87,6,164500,2009,2009,76,612,612,1224,2,4,0,2009,2,528,0,1,1,0
88,3,85000,1915,1982,0,1013,1013,1526,1,6,0,1927,0,0,0,0,0,0
89,4,123600,1994,1995,0,990,990,990,1,5,0,1927,0,0,0,0,1,1
90,4,109900,1950,1950,0,0,1040,1040,1,4,0,1950,2,420,0,0,0,0
91,5,98600,1961,1961,203,1235,1235,1235,1,6,0,1961,2,480,0,0,0,0
92,5,163500,1921,2006,0,876,964,964,1,5,0,1921,2,432,0,0,0,0
93,6,133900,1910,1998,0,1214,1260,2291,2,9,1,1900,2,506,0,0,0,0
94,6,204750,1997,1997,0,824,905,1786,2,7,0,1997,2,684,0,0,1,1
95,6,185000,1993,1993,68,680,680,1470,2,6,1,1993,2,420,0,0,1,0
96,7,214000,1999,1999,183,1588,1588,1588,2,6,0,1999,2,472,0,1,1,0
97,4,94750,1965,1965,48,960,960,960,1,6,0,1965,1,432,0,0,0,0
98,5,83000,1920,1950,0,458,835,835,1,5,0,1920,1,366,0,0,0,0
99,4,128950,1959,1959,0,950,1225,1225,1,6,0,1927,0,0,0,0,0,0
100,6,205000,1977,2001,28,1610,1610,1610,2,6,2,1977,2,480,0,0,1,0
101,6,178000,1985,1985,336,741,977,1732,2,7,1,1985,2,476,0,1,0,0
102,5,118964,1979,1979,0,0,1535,1535,2,8,0,1979,2,410,0,0,0,0
103,7,198900,2009,2009,0,1226,1226,1226,2,6,0,2009,3,740,0,0,1,0
104,7,169500,1931,1950,600,1040,1226,1818,1,7,2,1951,1,240,0,0,1,0
105,8,250000,2003,2004,768,1053,1053,1992,2,9,1,2003,2,648,0,1,1,0
106,4,100000,1885,1995,0,641,1047,1047,1,6,0,1954,1,273,0,0,0,0
107,5,115000,1948,1950,0,789,789,789,1,5,0,1948,1,250,0,0,0,0
108,5,115000,1919,2005,0,793,997,1517,2,7,0,1927,0,0,0,0,0,0
109,6,190000,1977,1977,480,1844,1844,1844,2,7,1,1977,2,546,0,0,0,0
110,6,136900,1954,1972,0,994,1216,1855,2,7,0,1954,1,325,0,0,0,0
111,7,180000,2000,2000,0,384,774,1430,2,7,1,2000,2,400,0,0,1,1
112,7,383970,2007,2007,220,1264,1282,2696,2,10,1,2007,3,792,0,1,1,1
113,6,217000,1953,1953,184,1809,2259,2259,2,7,2,1953,2,450,0,0,0,0
114,6,259500,1945,2002,0,1028,1436,2320,2,9,1,1945,1,180,0,0,0,0
115,6,176000,1999,1999,1129,729,729,1458,2,5,1,1999,2,440,0,0,1,1
116,5,139000,1962,1962,116,1092,1092,1092,1,6,1,1962,1,288,0,0,0,0
117,5,155000,2006,2007,0,1125,1125,1125,1,5,0,2007,2,430,0,0,1,0
118,7,320000,1990,1990,0,1673,1699,3222,3,11,2,1990,3,594,0,0,1,1
119,6,163990,2005,2006,0,728,728,1456,2,8,1,2005,2,390,0,1,1,0
120,6,180000,1969,1969,0,938,988,988,1,4,2,1969,2,540,0,0,0,0
121,4,100000,1939,1950,0,732,772,1123,1,4,0,1979,1,264,0,0,1,0
122,6,136000,1958,1958,135,1080,1080,1080,1,5,0,1958,1,288,0,0,0,0
123,6,153900,1993,1993,0,1199,1199,1199,2,5,0,1993,2,530,0,1,1,1
124,6,181000,1979,1998,0,1362,1586,1586,2,7,1,1979,2,435,0,0,0,0
125,6,84500,1935,1982,0,520,520,754,1,5,0,1927,0,0,0,0,0,1
126,6,128000,1976,1976,0,1078,958,958,2,5,1,1977,2,440,0,0,0,0
127,5,87000,1930,1950,0,672,840,840,1,5,1,1927,0,0,0,0,0,0
128,6,155000,1966,1966,266,660,660,1348,1,6,1,1966,2,453,0,0,0,0
129,5,150000,1958,1991,85,1008,1053,1053,1,6,0,1998,2,750,0,0,0,0
130,7,226000,1966,1966,309,924,1216,2157,2,8,2,1966,2,487,0,0,0,0
131,6,244000,2000,2000,40,992,1022,2054,2,7,1,2000,2,390,0,1,1,1
132,5,150750,1959,2002,0,1063,1327,1327,1,7,0,1974,2,624,0,0,0,0
133,8,220000,2001,2002,136,1267,1296,1296,2,6,0,2001,2,471,0,1,1,1
134,5,180000,1968,1993,0,1461,1721,1721,2,7,1,1968,2,440,0,0,0,0
135,7,174000,1970,1970,288,1304,1682,1682,2,7,1,1970,2,530,0,0,1,0
136,5,143000,1967,1967,196,1214,1214,1214,2,5,1,1967,1,318,0,0,0,0
137,7,171000,1988,1989,70,1907,1959,1959,3,9,0,1989,3,766,0,0,0,0
138,8,230000,1999,2000,320,1004,1004,1852,2,7,2,1999,3,660,0,1,1,1
139,6,231500,1997,1997,0,928,928,1764,2,7,0,1997,2,470,0,0,1,1
140,4,115000,1971,1971,0,864,864,864,1,5,1,1927,0,0,0,0,0,0
141,7,260000,2005,2005,0,1734,1734,1734,2,7,0,2005,2,660,0,1,1,1
142,5,166000,1952,1952,0,910,910,1385,2,6,0,2000,2,720,0,0,0,0
143,7,204000,1999,1999,183,1490,1501,1501,2,6,0,1999,2,577,0,1,1,1
144,5,125000,1963,1963,336,1728,1728,1728,2,10,0,1963,2,504,0,0,0,0
145,6,130000,2004,2006,50,970,970,1709,2,7,0,2004,2,380,0,1,1,0
146,5,105000,1931,1993,0,715,875,875,1,5,0,1931,1,180,0,0,0,0
147,7,222500,2001,2001,180,884,884,2035,2,8,1,2001,2,434,0,1,1,0
148,7,141000,2004,2005,120,1080,1080,1080,1,6,0,1927,0,0,0,0,1,1
149,5,115000,1936,1950,0,896,896,1344,1,7,0,1936,1,240,0,0,0,0
150,5,122000,1975,1975,0,969,969,969,1,5,0,1975,2,440,0,0,0,0
151,8,372402,2007,2008,436,1710,1710,1710,2,6,1,2007,3,866,1,1,1,1
152,6,190000,1971,1971,252,825,1097,1993,2,8,1,1971,2,495,0,0,0,0
153,6,235000,1960,1975,0,1602,1252,1252,1,4,1,1960,2,564,0,0,0,0
154,6,125000,1923,1950,0,1200,1200,1200,1,7,0,1923,1,312,0,0,0,0
155,6,79000,1924,1950,0,572,572,1096,1,5,0,1927,0,0,0,0,0,0
156,5,109500,1950,1950,0,0,1040,1040,1,5,0,1950,2,625,0,0,0,0
157,8,269500,2009,2010,84,774,774,1968,2,8,1,2009,3,680,0,1,1,0
158,7,254900,2004,2005,0,991,991,1947,2,8,1,2004,2,678,0,1,1,1
159,7,320000,2005,2006,456,1392,1392,2462,2,9,1,2006,2,576,0,1,1,1
160,6,162500,1984,1984,0,1232,1232,1232,2,6,0,1984,2,516,0,0,1,0
161,9,412500,2003,2004,664,1572,1572,2668,2,10,2,2003,3,726,1,1,1,1
162,7,220000,2005,2005,226,1541,1541,1541,2,7,1,2005,2,532,1,1,1,0
163,4,103200,1956,1956,0,882,882,882,1,4,0,1927,0,0,0,0,0,0
164,6,152000,1926,2004,0,1149,1149,1616,2,5,0,1926,1,216,0,0,0,0
165,5,127500,1940,1999,0,644,808,1355,2,6,0,1927,0,0,0,0,0,0
166,5,190000,1955,1993,0,1617,1867,1867,1,7,3,1955,1,303,0,1,0,0
167,8,325624,2007,2007,300,1582,1610,2161,1,8,1,2007,3,789,1,1,1,1
168,7,183500,2004,2004,0,840,840,1720,2,7,1,2004,2,440,0,1,1,0
169,8,228000,1981,1981,653,1686,1707,1707,2,6,1,1981,2,511,0,1,0,0
170,5,128500,1941,1950,0,720,854,1382,1,7,0,1991,2,660,0,0,0,0
171,6,215000,1960,1960,112,1080,1656,1656,1,7,2,1960,2,528,0,0,0,0
172,7,239000,1987,1987,0,1064,1064,1767,2,5,1,1987,2,504,0,1,1,1
173,6,163000,1961,1961,491,1362,1362,1362,1,6,1,1961,2,504,0,0,0,0
174,6,184000,1986,1986,132,1606,1651,1651,2,7,1,1986,2,616,0,0,0,0
175,6,243000,1950,2001,0,1202,2158,2158,2,7,1,1950,2,576,0,0,0,0
176,6,211000,1988,1989,268,1151,1164,2060,2,8,1,1988,2,521,0,1,1,1
177,5,172500,1958,1958,0,1052,1252,1920,2,8,1,1958,2,451,0,1,0,0
178,9,501837,2008,2009,748,2216,2234,2234,2,9,1,2009,3,1166,0,0,1,1
179,5,100000,1923,2006,0,968,968,968,1,5,0,1935,2,480,0,1,0,0
180,6,177000,2000,2000,456,756,769,1525,2,5,1,2000,2,440,0,1,1,1
181,7,200100,1920,1950,0,793,901,1802,1,9,1,1920,1,216,0,0,0,0
182,5,120000,1957,2006,98,0,1340,1340,1,7,1,1957,1,252,0,0,1,0
183,7,200000,2003,2003,0,1362,1362,2082,2,6,0,2003,2,484,0,0,1,0
184,5,127000,1908,1991,0,504,936,1252,1,5,0,1986,2,576,0,0,1,0
185,10,475000,1892,1993,0,1107,1518,3608,2,12,2,1993,3,840,0,1,0,0
186,7,173000,1990,1991,0,1188,1217,1217,2,6,0,1990,2,497,0,0,1,1
187,5,135000,1916,1987,0,660,808,1656,2,8,0,1916,1,180,0,0,0,0
188,5,153337,1979,1979,275,1086,1224,1224,0,6,2,1979,2,528,0,0,0,1
189,8,286000,2001,2002,0,1593,1593,1593,1,5,1,2001,2,682,0,1,1,1
190,8,315000,1932,1994,0,853,1549,2727,2,10,2,1932,2,440,0,1,0,0
191,7,184000,1972,2004,138,725,725,1479,1,7,0,1972,2,484,0,0,0,0
192,7,192000,1999,1999,0,1431,1431,1431,2,6,0,1999,2,666,0,1,1,1
193,7,130000,2004,2004,50,970,970,1709,2,7,0,2004,2,380,0,1,1,0
194,5,127000,1972,1972,0,864,864,864,1,5,0,1989,1,352,0,0,0,0
195,6,148500,1976,1976,0,855,855,1456,2,7,1,1976,2,440,0,0,0,0
196,7,311872,2007,2007,205,1726,1726,1726,2,8,1,2007,3,786,0,0,1,1
197,8,235000,1918,1990,0,1360,1360,3112,2,8,1,1918,2,795,0,1,1,1
198,6,104000,1912,1950,0,755,929,2229,1,8,0,1927,0,0,0,0,0,0
199,8,274900,2004,2005,262,1713,1713,1713,2,7,1,2004,3,856,1,1,1,1
200,4,140000,2003,2004,0,1121,1121,1121,2,5,0,2003,2,440,0,0,1,0
201,6,171500,1977,1977,0,1196,1279,1279,2,6,2,1980,2,473,0,0,0,0
202,6,112000,1924,1950,0,617,865,1310,2,6,0,1924,1,398,0,0,0,0
203,6,149000,2004,2004,205,848,848,848,1,3,1,2004,2,420,0,1,1,1
204,5,110000,1947,1950,0,720,720,1284,1,5,0,1948,1,240,0,0,0,0
205,7,180500,1990,1990,0,1424,1442,1442,2,5,0,1990,2,500,0,0,1,0
206,5,143900,1962,1962,0,1140,1696,1696,1,8,1,1962,1,349,0,0,0,0
207,4,141000,1960,1960,0,1100,1100,1100,1,6,1,1960,1,312,0,0,1,0
208,7,277000,1988,1989,128,1157,1180,2062,2,7,1,1988,2,454,0,1,0,1
209,6,145000,1964,1964,260,1092,1092,1092,1,6,0,1964,2,504,0,0,0,0
210,5,98000,1925,1950,0,864,864,864,1,5,0,1927,0,0,0,0,0,0
211,6,186000,2009,2009,0,1212,1212,1212,2,6,0,2009,2,460,0,0,1,1
212,7,252678,2009,2009,0,900,932,1852,2,7,1,2009,2,644,0,0,1,1
213,5,156000,1995,1995,0,990,990,990,1,5,0,1996,2,576,0,0,1,0
214,6,161750,1977,1977,153,689,689,1392,1,6,0,1977,1,299,0,0,0,1
215,5,134450,1957,1996,64,1070,1236,1236,1,6,1,1957,1,447,0,0,0,0
216,7,210000,2004,2004,266,1436,1436,1436,2,8,0,2004,2,484,0,1,1,1
217,4,107000,1925,1950,0,686,810,1328,1,8,0,1940,1,210,0,0,0,0
218,7,311500,1939,2006,312,798,1137,1954,1,8,2,1939,2,431,0,1,0,0
219,7,167240,2005,2006,16,1248,1248,1248,2,5,0,2005,2,438,0,1,1,1
220,7,204900,2006,2006,0,1498,1498,1498,2,5,0,2006,2,675,0,1,1,0
221,6,200000,2002,2002,0,1010,1010,2267,2,8,1,2002,2,390,0,1,1,0
222,6,179900,1975,1975,0,713,811,1552,2,6,1,1975,2,434,0,0,0,0
223,4,97000,1971,1971,0,864,864,864,1,4,0,1989,2,576,0,0,0,0
224,10,386250,2003,2003,922,2392,2392,2392,2,8,1,2003,3,968,1,0,1,1
225,5,112000,1971,1971,142,630,630,1302,2,6,0,1991,1,280,0,0,0,0
226,7,290000,1995,1995,290,1203,1214,2520,2,9,1,1995,3,721,0,1,1,1
227,6,106000,1970,1970,127,483,483,987,1,5,0,1987,1,280,0,0,0,0
228,5,125000,1967,1967,0,912,912,912,1,5,1,1974,1,336,0,0,0,0
229,7,192500,2005,2006,16,1373,1555,1555,2,7,1,2005,2,430,0,1,1,1
230,6,148000,1959,1959,220,1194,1194,1194,1,6,0,1959,1,312,0,0,0,0
231,8,403000,1995,1996,506,1462,1490,2794,2,9,1,1995,3,810,0,1,1,1
232,6,94500,1972,1972,297,483,483,987,1,5,1,1972,1,288,0,0,0,0
233,5,128200,1976,1976,0,894,894,894,1,5,0,1976,1,308,0,0,0,0
234,6,216500,2002,2002,0,860,860,1960,2,8,2,2002,2,440,0,1,1,1
235,6,89500,1971,1971,604,483,483,987,1,5,0,1971,1,264,0,0,0,0
236,7,185500,2004,2004,98,1414,1414,1414,2,6,0,2004,2,494,0,1,1,1
237,7,194500,1993,2003,0,996,1014,1744,2,7,0,1993,2,457,0,1,1,0
238,8,318000,2007,2007,254,1694,1694,1694,2,7,0,2007,3,818,1,0,1,0
239,6,113000,1945,1950,0,735,798,1487,1,7,1,1949,1,220,0,0,0,0
240,8,262500,2008,2008,36,1566,1566,1566,2,7,0,2008,2,750,0,1,1,1
241,5,110500,1945,1997,0,686,866,866,1,4,0,1927,0,0,0,0,0,0
242,5,79000,1900,1950,0,540,889,1440,1,6,0,1940,1,352,0,0,0,0
243,6,120000,1980,1980,0,626,626,1217,1,6,1,1980,1,288,0,0,0,0
244,7,205000,1994,2002,0,948,1222,2110,2,8,2,1994,2,463,0,1,1,1
245,7,241500,1988,1988,102,1845,1872,1872,2,6,1,1988,2,604,0,0,0,1
246,6,137000,1910,1950,0,1020,908,1928,2,9,0,1910,1,440,0,0,0,0
247,6,140000,1954,1954,0,1367,1375,1375,1,5,1,1954,2,451,0,0,0,0
248,7,180000,2003,2003,101,840,840,1668,2,8,0,2003,2,500,0,1,1,0
249,6,277000,1958,2006,472,1444,1444,2144,2,7,2,1958,2,389,0,1,0,0
250,3,76500,1940,1966,0,728,1306,1306,1,6,0,1927,0,0,0,0,0,0
251,8,235000,2006,2007,481,1573,1625,1625,2,5,1,2006,2,538,0,1,1,1
252,6,173000,2004,2004,0,798,798,1640,2,6,0,2004,2,520,0,1,1,0
253,6,158000,1964,1991,108,1302,1302,1302,2,7,0,1964,1,309,0,0,0,0
254,5,145000,1957,1957,0,1314,1314,1314,1,5,0,1957,1,294,0,0,0,0
255,7,230000,1999,1999,302,975,1005,2291,2,8,1,1999,2,429,0,1,1,0
256,6,207500,2003,2003,0,864,864,1728,2,7,0,2003,2,673,0,1,1,0
257,7,220000,2006,2006,180,1604,1604,1604,2,8,1,2006,2,660,0,1,1,1
258,7,231500,2001,2001,172,963,963,1792,2,7,1,2001,2,564,0,1,1,1
259,5,97000,1956,1956,0,0,882,882,1,4,0,1956,1,308,0,0,1,0
260,6,176000,1962,1962,399,1362,1382,1382,1,6,1,1991,2,884,0,0,0,0
261,8,276000,2007,2007,270,1482,1482,2574,2,10,1,2007,3,868,0,1,1,0
262,6,151000,1977,1995,46,506,1212,1212,1,6,1,1978,2,492,0,0,0,0
263,5,130000,1929,2001,0,926,926,1316,1,6,0,1974,2,484,0,0,0,0
264,5,73000,1925,2004,0,680,764,764,1,4,0,1965,2,504,0,0,0,0
265,6,175500,1981,1981,210,1422,1422,1422,2,7,1,1981,2,576,0,0,0,1
266,6,185000,1997,1997,0,802,802,1511,2,8,1,1997,2,413,0,0,1,1
267,5,179500,1939,1997,0,720,1052,2192,2,8,1,1939,1,240,0,0,1,0
268,5,120500,1940,1955,0,740,778,778,1,4,1,1966,1,924,0,0,0,0
269,6,148000,1976,1976,174,1143,1113,1113,1,6,1,1987,1,504,0,0,0,0
270,8,266000,2006,2006,0,1095,1095,1939,2,8,1,2006,3,1053,0,1,1,0
271,7,241500,1954,2005,0,1385,1363,1363,1,5,2,1954,2,439,0,0,0,0
272,8,290000,1999,2007,348,1152,1164,2270,2,9,1,1999,3,671,0,1,1,1
273,6,139000,1958,1988,183,1240,1632,1632,2,6,1,1958,1,338,0,0,0,0
274,5,124500,1982,1982,0,816,816,816,1,5,0,1982,1,264,0,0,0,0
275,7,205000,1925,2007,0,952,952,1548,2,5,0,1978,2,672,0,1,0,0
276,7,201000,2003,2003,0,1560,1560,1560,2,7,0,2003,2,573,0,1,1,0
277,4,141000,1951,1951,0,864,864,864,1,4,0,1951,2,400,0,0,0,0
278,9,415298,2006,2007,315,2121,2121,2121,2,8,1,2007,3,732,1,0,1,0
279,7,192000,1977,1977,299,1160,1156,2022,2,8,1,1977,2,505,0,0,0,0
280,7,228500,1989,1989,340,807,1175,1982,2,7,1,1989,2,575,0,1,0,1
281,6,185000,2006,2006,68,1262,1262,1262,2,5,0,2006,2,572,0,1,1,1
282,7,207500,2007,2008,166,1314,1314,1314,2,6,1,2008,2,626,1,1,1,1
283,8,244600,2008,2009,72,1468,1468,1468,2,6,1,2008,3,898,0,1,1,0
284,6,179200,1992,1992,0,1575,1575,1575,2,5,0,1992,2,529,0,1,1,1
285,7,164700,2006,2007,0,625,625,1250,2,5,0,2006,2,528,0,1,1,0
286,6,159000,1962,1981,0,912,1085,1734,1,7,1,1962,2,440,0,0,0,0
287,4,88000,1971,1971,0,858,858,858,1,5,0,1927,0,0,0,0,0,0
288,5,122000,1967,1967,31,882,900,900,1,5,0,1970,1,280,0,0,0,0
289,6,153575,1915,2003,0,698,698,1396,1,7,0,2003,1,384,0,0,0,0
290,8,233230,2006,2006,0,1079,1079,1919,2,8,1,2006,2,685,0,1,1,0
291,5,135900,1912,2000,0,780,936,1716,2,9,0,1927,0,0,0,0,1,0
292,5,131000,1949,2008,0,768,1148,1716,1,8,1,1949,1,281,0,0,0,0
293,7,235000,1977,1994,34,795,1468,2263,2,9,1,1977,2,539,0,0,0,0
294,6,167000,1953,1953,238,1416,1644,1644,1,7,2,1953,2,418,0,0,0,1
295,6,142500,1984,1984,0,1003,1003,1003,1,6,0,1984,2,588,0,0,0,1
296,5,152000,1950,1950,0,910,910,1558,1,6,0,1950,1,282,0,0,0,0
297,7,239000,1997,1998,1600,975,975,1950,2,7,1,1997,2,576,0,1,1,0
298,6,175000,1968,1968,365,702,1041,1743,1,7,1,1968,2,539,0,1,0,0
299,6,158500,1950,2004,0,1092,1152,1152,1,6,1,1950,1,300,0,0,0,0
300,5,157000,1953,1953,56,1165,1336,1336,1,5,2,1953,1,375,0,0,0,0
301,8,267000,1998,1999,0,1028,1210,2452,2,9,1,1998,2,683,0,1,1,1
302,7,205000,2001,2002,150,1541,1541,1541,2,6,1,2001,3,843,0,1,1,0
303,5,149900,1972,1972,0,894,894,894,1,5,0,1975,2,552,0,0,1,0
304,7,295000,1880,2002,0,1470,1675,3493,3,10,1,2003,3,870,0,0,0,0
305,8,305900,2004,2005,246,2000,2000,2000,2,8,0,2004,3,888,0,1,1,1
306,7,225000,1990,1991,246,700,1122,2243,2,8,1,1990,3,746,0,1,0,0
307,6,89500,1920,1950,0,319,1035,1406,1,6,0,1927,0,0,0,0,0,0
308,4,82500,1940,1950,0,861,861,861,1,4,0,1961,2,539,0,0,0,0
309,9,360000,2003,2004,0,1896,1944,1944,2,8,3,2003,3,708,1,1,1,1
310,6,165600,1993,1994,112,697,697,1501,2,6,1,1993,2,420,0,0,1,0
311,6,132000,1948,2002,0,972,972,972,1,5,1,1948,1,240,0,0,0,0
312,5,119900,1939,1950,0,793,793,1118,1,5,1,1939,2,410,0,0,0,0
313,7,375000,1965,1965,0,2136,2036,2036,2,8,2,1965,2,513,0,0,0,0
314,7,178000,1925,1990,0,728,832,1641,1,6,1,1925,2,546,0,0,0,0
315,7,188500,2004,2005,0,716,716,1432,2,6,1,2004,2,432,0,1,1,1
316,7,260000,1980,1980,278,845,1153,2353,2,10,1,1983,2,484,0,1,0,1
317,8,270000,2006,2006,0,1088,1088,1959,2,8,1,2006,3,1025,0,1,1,0
318,7,260000,1993,1993,256,1347,1372,2646,2,9,1,1993,3,656,0,1,1,1
319,7,187500,1980,1980,225,1372,1472,1472,2,6,2,1980,2,588,0,0,0,1
320,9,342643,2006,2006,370,1249,1249,2596,3,9,0,2006,3,840,1,0,1,0
321,8,354000,2004,2004,388,1136,1136,2468,2,10,1,2004,3,872,1,1,1,1
322,7,301000,1986,1987,172,1502,1553,2730,2,8,1,1987,2,576,0,1,0,0
323,3,126175,1955,2005,0,1162,1163,1163,1,6,0,1955,1,220,0,0,0,0
324,7,242000,1967,2007,300,710,1898,2978,2,11,1,1961,2,564,0,1,0,0
325,5,87000,1941,1950,0,720,803,803,1,5,0,1941,2,360,0,0,0,0
326,8,324000,1993,1993,0,1719,1719,1719,1,6,2,1993,2,473,0,1,1,1
327,6,145250,1960,1960,175,1383,1383,1383,1,7,0,1960,1,292,0,0,0,0
328,6,214500,1916,1994,0,844,1445,2134,2,10,0,1930,2,441,0,0,0,0
329,5,78000,1920,1950,0,596,596,1192,1,6,0,1920,1,189,0,0,1,0
330,5,119000,1964,1964,84,1728,1728,1728,2,10,0,2002,1,352,0,0,0,1
331,5,139000,1958,1992,0,1056,1056,1056,1,6,0,1958,1,308,0,0,0,0
332,8,284000,2003,2004,296,3206,1629,1629,2,7,1,2003,3,880,1,1,1,1
333,7,207000,2004,2004,146,1358,1358,1358,2,6,1,2004,2,484,1,1,1,1
334,6,192000,1998,1998,0,943,943,1638,2,7,2,1998,2,472,0,0,1,1
335,5,228950,1965,1965,0,1499,1619,1786,2,7,2,1965,2,529,0,0,0,0
336,9,377426,2005,2006,200,1922,1922,1922,2,8,1,2005,3,676,0,1,1,1
337,7,214000,2002,2003,113,1536,1536,1536,2,7,0,2002,2,532,0,1,1,1
338,7,202500,1984,1998,0,1208,1621,1621,2,8,0,1984,2,440,0,1,0,0
339,6,155000,1958,1998,176,1215,1215,1215,1,6,0,1958,1,297,0,0,0,0
340,8,202900,2002,2002,0,967,993,1908,2,9,0,2002,2,431,0,1,1,0
341,4,82000,1950,1950,0,721,841,841,1,4,0,1950,1,294,0,0,0,0
342,3,87500,1949,1950,340,0,1040,1040,2,6,0,1949,2,400,0,0,0,0
343,9,266000,2005,2005,616,1684,1684,1684,2,6,1,2005,2,564,1,0,1,1
344,5,85000,1976,1976,0,536,536,1112,1,4,0,1976,1,336,0,0,0,0
345,6,140200,1939,1950,0,972,972,1577,1,6,1,1939,1,312,0,0,0,0
346,6,151500,1960,1998,0,958,958,958,1,5,0,1960,1,301,0,0,0,0
347,6,157500,1960,1960,30,1478,1478,1478,2,6,2,1960,2,498,0,0,0,0
348,7,154000,2003,2004,106,764,764,1626,2,6,0,2003,2,474,1,1,1,1
349,9,437154,2005,2006,870,1848,1848,2728,2,10,2,2006,3,706,1,0,1,1
350,9,318061,2007,2007,362,1869,1869,1869,2,6,1,2007,2,617,1,0,1,0
351,7,190000,1986,1986,0,1453,1453,1453,1,6,1,1986,2,445,0,0,1,1
352,5,95000,1941,1950,0,616,616,1111,1,5,0,1941,1,200,0,0,0,0
353,6,105900,1928,2003,0,624,720,720,1,5,0,2005,2,484,0,0,0,0
354,6,140000,1940,2000,0,940,1192,1595,1,6,2,1940,1,240,0,0,0,0
355,6,177500,1995,1995,0,1200,1200,1200,2,6,0,1995,2,521,0,1,1,0
356,6,173000,1992,1992,106,1158,1167,1167,2,6,0,1992,2,400,0,0,1,1
357,5,134000,1976,1976,0,1142,1142,1142,1,6,1,1976,2,528,0,0,1,0
358,5,130000,1958,1958,120,1062,1352,1352,1,6,0,1958,1,288,0,0,0,0
359,8,280000,1998,1998,530,1086,1086,1924,2,7,1,1998,2,592,0,1,1,1
360,6,156000,1978,1978,0,888,912,912,1,5,1,1978,2,470,0,0,0,1
361,5,145000,1940,1982,0,883,988,1505,1,8,0,1940,1,240,0,0,0,0
362,7,198500,2003,2003,500,0,495,1922,3,7,1,2003,2,672,0,1,0,0
363,6,118000,1972,2007,510,483,483,987,1,5,0,1972,1,264,0,0,0,0
364,6,190000,1976,1976,120,796,790,1574,2,6,1,1976,2,566,0,0,1,1
365,5,147000,1920,1997,0,672,672,1344,1,6,0,1964,1,468,0,0,0,0
366,6,159000,1963,1963,247,1394,1394,1394,1,6,2,1963,2,514,0,0,0,0
367,6,165000,1962,1962,305,1099,1431,1431,1,6,1,1962,1,296,0,0,0,1
368,5,132000,1954,1954,200,1268,1268,1268,1,7,1,1954,1,244,0,0,1,0
369,5,162000,1959,2006,0,1063,1287,1287,1,7,1,1997,2,576,0,0,0,0
370,6,172400,2000,2000,0,953,953,1664,2,7,1,2000,2,460,0,0,1,0
371,4,134432,1959,1959,0,0,1120,1588,2,7,1,1991,2,680,0,0,0,0
372,6,125000,1984,1984,0,744,752,752,1,4,0,1984,1,264,0,0,0,0
373,5,123000,1953,1953,0,608,1319,1319,1,5,0,1953,1,270,0,0,1,0
374,7,219500,2003,2004,0,847,847,1928,2,8,1,2003,2,434,0,1,1,0
375,1,61000,1922,1950,0,683,904,904,0,4,0,1927,0,0,0,0,0,0
376,5,148000,1996,1996,0,870,914,914,1,5,0,1998,2,576,0,1,1,1
377,8,340000,2004,2005,0,1580,1580,2466,3,8,1,2004,2,610,0,1,1,0
378,9,394432,2010,2010,350,1856,1856,1856,1,8,1,2010,3,834,0,1,1,1
379,6,179000,2000,2000,16,982,1007,1800,2,7,1,2000,2,463,0,0,1,0
380,5,127000,1924,1950,0,1026,1026,1691,2,6,1,1924,1,308,0,0,0,0
381,7,187750,2006,2006,0,1293,1301,1301,2,5,1,2006,2,572,0,1,1,0
382,7,213500,2006,2006,0,939,939,1797,2,8,0,2006,2,639,0,1,1,0
383,6,76000,1928,1950,0,784,784,784,1,5,0,1950,2,360,0,0,0,0
384,6,240000,1992,1992,0,1580,1079,1953,2,9,2,1992,2,501,0,1,1,1
385,8,192000,2004,2005,16,1256,1269,1269,2,6,1,2004,2,430,0,1,1,1
386,5,81000,1910,1996,0,658,658,1184,1,8,0,1927,0,0,0,0,1,0
387,6,125000,1976,1976,255,1041,1125,1125,1,6,1,1977,1,352,0,0,0,0
388,7,191000,1999,2000,125,1468,1479,1479,2,6,0,1999,2,577,0,1,1,0
389,10,426000,2007,2008,272,1682,1742,2332,2,9,1,2008,3,846,1,0,1,1
390,5,119000,1900,1950,0,861,961,1367,1,7,0,1978,1,384,0,0,0,0
391,6,215000,2001,2002,0,804,804,1961,2,7,1,2001,2,560,0,0,1,0
392,5,106500,1959,1959,0,0,882,882,1,5,0,1959,1,294,0,0,0,0
393,4,100000,1941,1950,0,788,788,788,1,4,2,1927,0,0,0,0,0,0
394,5,109000,1940,1950,0,735,735,1034,1,5,0,1940,1,240,0,0,0,0
395,5,129000,1956,1956,0,1144,1144,1144,1,6,0,1956,1,596,0,0,0,0
396,5,123000,1972,1972,0,894,894,894,1,6,0,1985,2,600,0,0,0,0
397,5,169500,1962,1962,288,864,876,1812,2,8,1,1962,1,264,0,0,0,0
398,5,67000,1920,1950,0,961,1077,1077,1,6,0,1920,1,338,0,0,0,0
399,7,241000,2006,2007,100,1092,1112,1550,2,7,0,2007,2,438,0,1,1,1
400,8,245500,1996,1996,0,1260,1288,1288,1,4,2,1996,2,500,0,1,1,1
401,7,164990,2005,2005,0,1310,1310,1310,2,6,1,2005,2,400,0,1,1,1
402,5,108000,1940,1997,0,672,672,672,1,4,0,1940,1,240,0,0,1,0
403,8,258000,1998,1998,650,1141,1165,2263,2,10,1,1998,2,420,0,1,1,0
404,6,168000,1995,1996,0,806,806,1572,2,7,1,1995,2,373,0,0,1,0
405,4,150000,1976,1993,0,1281,1620,1620,2,8,1,1993,2,490,0,0,0,0
406,6,115000,1936,1950,0,1064,1166,1639,1,6,0,1936,1,240,0,0,0,0
407,6,177000,1915,1976,0,840,840,1680,2,8,0,1960,1,308,0,0,0,0
408,7,280000,2006,2006,350,1063,1071,2172,2,9,1,2006,3,947,1,1,1,0
409,8,339750,2007,2008,100,1034,1050,2078,2,8,1,2008,3,836,0,1,1,1
410,5,60000,1958,1958,0,1276,1276,1276,1,5,0,1958,1,350,0,0,0,0
411,5,145000,1955,1955,0,1056,1056,1056,1,5,0,1955,2,572,0,0,0,0
412,7,222000,2009,2009,432,1470,1478,1478,2,7,1,2009,2,484,0,0,1,1
413,5,115000,1927,1950,0,1008,1028,1028,1,5,1,1927,2,360,0,0,0,0
414,7,228000,1993,1993,0,1080,1080,2097,2,9,1,1993,3,678,0,1,1,0
415,7,181134,2007,2007,0,1340,1340,1340,2,6,0,2007,2,396,0,1,1,1
416,6,149500,1978,1978,203,672,672,1400,1,6,1,1978,2,440,0,0,0,0
417,6,239000,1918,1950,0,1370,1370,2624,2,10,1,1918,3,864,0,0,0,0
418,5,126000,1940,1950,0,756,756,1134,1,7,0,1940,1,240,0,0,0,0
419,5,142000,1968,1968,0,1056,1056,1056,1,6,1,1968,1,304,0,0,0,0
420,7,206300,1997,1998,200,1344,1344,1344,2,8,0,1997,4,784,0,0,1,1
421,6,215000,1977,2000,126,1602,1602,1602,2,8,1,1977,2,529,0,1,0,0
422,5,113000,1954,1954,0,988,988,988,1,4,0,1954,2,520,0,0,0,0
423,8,315000,1998,1998,473,1470,1470,2630,2,8,1,1998,3,696,0,1,1,1
424,6,139000,1956,1956,74,1196,1196,1196,1,6,1,1956,1,297,0,0,0,0
425,7,135000,1946,1992,0,651,707,1389,1,6,2,1947,1,240,0,0,0,0
426,7,275000,1989,1989,145,1518,1644,1644,2,5,1,1989,2,569,0,1,1,1
427,4,109008,1957,1957,0,907,907,907,1,5,0,1964,1,352,0,0,0,0
428,7,195400,2007,2007,108,1208,1208,1208,2,6,0,2007,2,628,0,1,1,1
429,6,175000,1988,1988,0,1392,1412,1412,2,6,1,1988,2,576,0,0,0,1
430,6,85400,1971,1971,232,483,483,987,1,4,0,1971,1,264,0,0,0,0
431,6,79900,1920,1998,0,901,1088,1198,1,7,0,1927,0,0,0,0,0,0
432,5,122500,1971,1971,376,765,765,1365,1,6,0,1971,2,440,0,0,0,0
433,6,181000,1997,1998,0,926,926,1604,2,7,1,1997,2,470,0,0,1,0
434,4,81000,1972,1972,0,630,630,630,1,3,0,1927,0,0,0,0,0,0
435,7,212000,1996,1996,0,799,827,1661,2,6,1,1996,2,550,0,1,1,1
436,6,116000,1920,1950,0,648,734,1118,1,6,0,1990,2,440,0,0,0,0
437,6,119000,1926,2004,0,884,904,904,1,4,0,1926,1,180,0,1,1,0
438,5,90350,1913,2002,0,440,694,694,1,4,1,1990,1,352,0,0,1,0
439,6,110000,1920,2000,0,684,684,1196,1,7,0,2005,2,528,0,0,0,0
440,10,555000,2008,2008,200,3094,2402,2402,2,10,2,2008,3,672,1,0,1,1
441,4,118000,1955,1955,270,1440,1440,1440,2,8,0,1927,0,0,0,0,0,0
442,5,162900,1930,1992,0,1078,1128,1573,2,8,1,1930,2,360,0,0,1,0
443,7,172500,2006,2007,72,1258,1258,1258,2,6,1,2007,3,648,0,1,1,0
444,7,210000,1994,1995,0,915,933,1908,2,8,1,1994,2,493,0,1,1,1
445,6,127500,1956,1956,0,1436,1689,1689,1,7,1,1956,2,480,0,0,0,0
446,6,190000,1966,2002,0,1517,1888,1888,2,6,1,1966,2,578,0,1,0,0
447,7,199900,1998,1999,0,930,956,1886,2,10,1,1998,2,431,0,1,1,0
448,6,119500,1937,1950,0,780,780,1376,2,7,1,1937,1,198,0,0,0,0
449,3,120000,1948,2002,0,649,679,1183,1,6,0,1981,1,308,0,0,0,0
450,6,110000,1930,2005,0,813,813,813,1,5,0,1932,1,270,0,0,0,0
451,7,280000,1975,1975,0,1533,1533,1533,2,5,2,1975,2,576,0,0,0,0
452,6,204000,1996,1997,42,872,888,1756,2,7,0,1996,2,422,0,1,1,0
453,8,210000,2008,2008,0,768,786,1590,2,6,0,2008,2,676,0,1,1,0
454,5,188000,1976,1976,0,1728,1728,1728,2,8,0,1976,2,560,0,0,0,0
455,7,175500,1973,1973,320,1242,1242,1242,1,6,1,1973,2,528,0,0,0,0
456,5,98000,1916,1950,0,624,624,1344,1,7,0,1916,3,513,0,0,0,0
457,4,256000,1954,1994,0,1364,1663,1663,1,6,2,1954,2,529,0,0,0,0
458,8,161000,1925,1996,0,588,833,1666,1,7,1,1925,1,228,0,0,1,0
459,5,110000,1950,1950,161,709,979,1203,1,5,1,1950,1,352,0,0,0,0
460,8,263435,2009,2009,110,832,832,1935,2,8,0,2009,2,552,0,1,1,1
461,7,155000,1936,2007,0,560,575,1135,1,6,0,1971,2,576,0,1,1,0
462,5,62383,1965,1965,0,864,864,864,1,5,1,1965,1,360,0,0,0,0
463,6,188700,1934,1995,0,715,849,1660,1,6,1,1939,1,240,0,0,0,0
464,5,124000,1978,1978,136,1040,1040,1040,2,5,0,1927,0,0,0,0,0,0
465,7,178740,2004,2004,18,1375,1414,1414,2,6,1,2004,2,398,0,1,1,0
466,7,167000,1970,1970,0,1277,1277,1277,1,5,1,1970,2,526,0,0,0,1
467,5,146500,1942,1995,224,728,888,1644,1,7,2,1942,1,312,0,0,0,0
468,8,250000,2006,2006,248,1626,1634,1634,2,7,1,2006,3,866,1,1,1,0
469,6,187000,1993,1993,120,832,832,1710,2,7,0,1993,2,506,0,1,1,1
470,8,212000,1985,1985,0,1488,1502,1502,1,4,0,1985,2,528,0,1,1,1
471,7,190000,1977,1977,0,808,1161,1969,2,8,1,1977,2,534,0,0,0,0
472,6,148000,2005,2005,80,547,1072,1072,1,5,0,2005,2,525,0,0,1,1
473,8,440000,2006,2007,304,1976,1976,1976,2,7,1,2006,3,908,1,1,1,1
474,8,251000,2000,2000,0,1494,1652,1652,2,6,0,2000,2,499,0,1,1,1
475,5,132500,1963,1963,0,970,970,970,1,5,0,1996,2,624,0,0,0,1
476,6,208900,1997,1998,215,1478,1493,1493,2,7,1,1997,2,508,0,0,1,1
477,9,380000,2006,2006,772,2153,2069,2643,2,9,1,2006,3,694,1,0,1,0
478,8,297000,2007,2008,336,1705,1718,1718,2,7,1,2007,3,826,0,1,1,1
479,4,89471,1937,2000,435,907,1131,1131,1,7,0,1995,2,672,0,0,0,0
480,9,326000,2004,2005,378,1833,1850,1850,2,8,1,2004,3,772,1,1,1,1
481,9,374000,2003,2004,562,1792,1792,1792,2,6,1,2003,3,874,1,1,1,1
482,7,155000,1915,2005,0,910,916,1826,1,7,1,1915,1,164,0,1,1,0
483,6,164000,1998,1998,116,1216,1216,1216,2,5,0,1998,2,402,0,0,1,1
484,5,132500,1962,2001,0,999,999,999,1,6,0,1963,1,264,0,0,0,0
485,5,147000,1950,2007,0,1113,1113,1113,1,5,1,1950,1,264,0,1,0,0
486,5,156000,1965,1965,168,1073,1073,1073,1,6,0,1965,2,515,0,0,0,0
487,5,175000,1971,1971,0,1484,1484,1484,2,7,1,1971,2,487,0,0,0,0
488,5,160000,1900,1970,0,954,1766,2414,2,10,1,1970,2,520,0,0,0,0
489,4,86000,1970,2002,0,630,630,630,1,3,0,1970,1,286,0,0,0,1
490,5,115000,1976,1976,0,264,616,1304,1,4,1,1976,1,336,0,0,1,0
491,6,133000,1941,1950,0,806,958,1578,1,5,2,1941,1,240,0,0,0,0
492,6,172785,2006,2006,0,728,728,1456,2,8,0,2006,2,429,0,1,1,0
493,5,155000,1960,1960,0,1269,1269,1269,1,6,1,1964,1,308,0,0,0,0
494,5,91300,1938,1996,0,190,886,886,1,4,0,1938,1,273,0,0,0,0
495,4,34900,1920,1950,0,720,720,720,1,4,0,1927,0,0,0,0,0,0
496,8,430000,1992,1993,0,3200,3228,3228,3,10,1,1992,2,546,0,1,1,1
497,7,184000,1925,1950,0,1026,1133,1820,2,8,0,1925,1,240,0,0,1,0
498,5,130000,1967,2004,89,864,899,899,1,5,0,1967,1,288,0,0,1,0
499,5,120000,1958,1985,0,912,912,912,1,5,0,1958,1,297,0,0,0,0
500,6,113000,1973,1973,285,672,672,1218,1,7,0,1973,1,264,0,0,0,0
501,7,226700,2005,2005,0,866,866,1768,2,7,0,2005,2,603,0,1,1,1
502,5,140000,1965,1965,0,1214,1214,1214,1,6,0,1965,2,461,0,0,0,0
503,7,289000,1959,1997,0,1501,1801,1801,2,6,2,1959,2,484,0,0,0,0
504,6,147000,1974,1974,0,855,855,1322,2,6,1,1974,2,440,0,0,0,0
505,5,124500,1952,1952,360,960,960,1960,2,10,0,1952,2,400,0,0,0,0
506,8,215000,1993,1994,125,777,1065,1911,2,8,1,1993,2,471,0,1,1,1
507,6,208300,2009,2009,0,1218,1218,1218,2,4,0,2009,2,676,0,1,1,1
508,7,161000,1928,2005,0,689,689,1378,2,7,1,1928,2,360,0,0,0,0
509,5,124500,1959,1959,132,1041,1041,1041,1,6,0,1959,1,270,0,0,0,0
510,5,164900,1951,2000,70,1008,1363,1363,1,6,2,1951,1,288,0,1,0,0
511,7,202665,2005,2006,94,1368,1368,1368,2,6,1,2005,2,474,1,1,1,0
512,5,129900,1958,1958,0,864,864,864,1,5,0,1964,2,624,0,0,0,0
513,6,134000,1983,1983,0,1084,1080,1080,1,5,0,1983,2,484,0,0,1,0
514,5,96500,1926,1950,0,768,789,789,1,5,0,1926,1,200,0,0,0,0
515,10,402861,2009,2009,305,2006,2020,2020,2,9,1,2009,3,900,1,0,0,1
516,6,158000,1972,1972,333,689,1378,2119,2,7,1,1972,2,583,0,0,0,0
517,7,265000,1996,1997,921,1264,1277,2344,2,7,1,1996,3,889,0,1,1,0
518,6,211000,1998,1998,0,794,882,1796,2,7,0,1998,2,546,0,0,1,1
519,7,234000,1926,2004,0,1276,1276,2080,1,9,2,1926,1,282,0,1,0,0
520,4,106250,1900,2000,0,0,694,1294,2,7,0,1927,0,0,0,0,0,0
521,6,150000,1957,1957,0,1244,1244,1244,1,6,2,1957,1,336,0,0,0,0
522,6,159000,1947,1950,0,1004,1004,1664,2,7,2,1950,2,420,0,0,0,0
523,10,184750,2007,2008,762,3138,3138,4676,3,11,1,2007,3,884,0,0,1,1
524,7,315750,1996,1997,594,1379,1383,2398,2,8,1,1996,3,834,0,1,1,1
525,7,176000,2005,2005,0,1257,1266,1266,2,6,1,2005,2,453,0,1,1,0
526,5,132000,1956,2000,0,928,928,928,1,4,0,1956,1,252,0,0,0,0
527,9,446261,2008,2008,268,1452,1476,2713,2,11,1,2008,3,858,1,0,1,1
528,4,86000,1920,2002,0,528,605,605,1,5,0,1927,0,0,0,0,0,0
529,6,200624,1957,1975,0,2035,2515,2515,3,9,2,1975,2,484,0,1,1,0
530,6,175000,1988,1989,219,1461,1509,1509,2,5,1,1988,2,600,0,1,0,1
531,6,128000,1920,1999,0,611,751,1362,2,6,0,1920,2,502,0,0,0,0
532,5,107500,1955,2007,0,0,827,827,1,5,1,1967,1,392,0,0,0,0
533,1,39300,1946,1950,0,0,334,334,1,2,0,1927,0,0,0,0,0,0
534,8,178000,2004,2004,0,707,707,1414,2,6,1,2004,2,403,0,1,1,0
535,5,107500,1910,1991,0,1117,820,1347,1,5,0,1927,0,0,0,0,0,1
536,7,188000,1998,1999,0,880,880,1724,2,8,0,1998,2,527,0,0,1,0
537,4,111250,1972,1972,0,864,864,864,1,5,0,1980,2,576,0,0,0,0
538,5,158000,1968,1968,188,1051,1159,1159,1,7,1,1968,1,336,0,0,0,0
539,8,272000,2001,2002,479,1581,1601,1601,2,6,1,2001,2,670,0,1,1,1
540,9,315000,2006,2006,584,1838,1838,1838,2,8,1,2006,3,765,0,0,1,1
541,8,248000,2000,2000,72,969,997,2285,2,8,1,2000,3,648,0,1,1,0
542,7,213250,1998,1999,0,1650,1680,1680,2,7,1,1998,2,583,0,1,1,0
543,7,133000,1998,1998,182,723,767,767,1,4,0,1998,1,367,0,0,1,1
544,7,179665,2006,2006,0,654,664,1496,2,7,1,2006,2,426,0,1,1,1
545,7,229000,1988,1988,178,1204,1377,2183,2,9,0,1988,3,786,0,1,1,1
546,6,210000,1923,1950,0,1065,915,1635,1,6,1,1950,2,440,0,0,0,0
547,5,129500,1970,1970,0,768,768,768,1,5,0,1987,2,624,0,0,0,0
548,5,125000,1955,1995,0,825,825,825,1,4,0,1963,2,720,0,0,0,0
549,7,263000,2003,2004,0,912,912,2094,2,8,1,2003,2,615,0,1,1,0
550,6,140000,1977,1977,0,1069,1069,1069,2,4,0,1977,2,440,0,0,0,0
551,5,112500,1957,1957,0,928,928,928,1,5,0,1957,1,288,0,0,0,0
552,8,255500,2006,2006,250,1709,1717,1717,2,7,1,2006,3,908,1,1,1,0
553,4,108000,1949,2003,0,0,1126,1126,2,5,0,2002,2,520,0,0,0,0
554,7,284000,2003,2004,292,998,1006,2046,2,8,1,2003,3,871,1,1,1,1
555,5,113000,1922,1950,0,993,1048,1048,1,5,1,1922,1,280,0,0,0,0
556,5,141000,1957,1957,0,1092,1092,1092,1,6,1,1957,1,299,0,0,0,0
557,4,108000,1920,1950,0,637,897,1336,1,7,0,1994,1,570,0,0,0,0
558,7,175000,1996,1997,0,729,729,1446,2,6,1,1996,2,406,0,0,1,1
559,7,234000,2003,2004,18,1374,1557,1557,2,7,1,2003,2,420,0,1,1,0
560,5,121500,1957,1996,180,1392,1392,1392,1,5,1,1957,2,528,0,0,0,0
561,5,170000,1974,1975,0,1389,1389,1389,1,6,1,1975,2,418,0,0,0,0
562,5,108000,1940,1969,0,996,996,996,1,6,1,1927,0,0,0,0,0,0
563,6,185000,1918,1950,0,1163,1163,1674,2,8,1,1955,2,396,0,0,0,0
564,7,268000,1992,2000,0,1095,1166,2295,2,9,1,1992,2,590,0,1,1,1
565,6,128000,1915,1950,0,806,841,1647,1,6,0,1920,1,216,0,0,1,0
566,9,325000,2005,2007,245,1122,1134,2504,2,11,1,2005,3,656,0,1,1,0
567,7,214000,2004,2004,168,1517,1535,1535,2,7,0,2004,2,532,1,1,1,1
568,8,316600,1983,2009,0,1496,1496,2132,1,5,1,1983,2,612,0,1,0,1
569,5,135960,1979,1979,0,943,943,943,1,4,2,1979,2,600,0,0,0,1
570,5,142600,1965,1965,108,1728,1728,1728,2,10,0,1987,2,576,0,0,0,0
571,6,120000,1959,1959,207,864,864,864,1,4,0,1959,1,288,0,0,0,0
572,7,224500,2009,2009,0,846,846,1692,2,6,0,2009,2,650,0,0,1,0
573,7,170000,2000,2000,0,384,774,1430,2,8,1,2000,2,400,0,0,1,0
574,5,139000,1971,2005,82,372,576,1109,1,5,0,1971,1,288,0,0,0,0
575,5,118500,1947,1950,0,832,832,1216,1,6,0,1947,1,336,0,0,0,0
576,7,145000,1928,1950,0,861,877,1477,2,6,1,1928,1,216,0,0,0,0
577,5,164500,1966,1966,97,1164,1320,1320,1,6,2,1966,2,564,0,0,0,0
578,7,146000,2007,2007,0,689,703,1392,2,5,0,2007,2,540,0,1,1,0
579,5,131500,1954,1954,335,1050,1050,1795,2,7,0,1954,1,352,0,0,0,0
580,6,181900,1960,1987,85,1144,1429,1429,1,7,2,1960,2,572,0,0,0,0
581,8,253293,2008,2009,306,2042,2042,2042,2,8,1,2009,3,1390,1,0,1,0
582,6,118500,1990,1990,104,816,816,816,1,5,0,1927,0,0,0,0,0,1
583,10,325000,1893,2000,0,1237,1521,2775,3,9,1,1988,2,880,0,0,0,0
584,4,133000,1935,1995,0,884,989,1573,1,6,0,1935,1,240,0,0,0,0
585,8,369900,2005,2006,208,1868,2028,2028,2,7,2,2005,3,880,0,1,1,1
586,6,130000,1918,2000,0,816,838,838,1,5,0,1961,1,275,0,0,0,0
587,5,137000,1982,1982,0,840,860,860,1,4,0,1996,2,528,0,0,0,0
588,5,143000,1968,2003,0,1437,1473,1473,1,5,2,1968,1,452,0,0,0,1
589,5,79500,1930,1960,0,742,779,935,1,4,0,1988,1,308,0,0,0,0
590,7,185900,2004,2004,0,770,770,1582,2,6,0,2004,2,520,0,1,1,1
591,10,451950,2008,2008,420,1722,1728,2296,2,10,1,2008,3,842,1,0,1,1
592,5,138000,1982,2003,0,816,816,816,1,4,0,1985,2,816,0,0,1,1
593,6,140000,2003,2003,170,848,848,848,1,4,0,2003,2,420,0,1,1,1
594,5,110000,1975,1975,0,924,924,924,1,5,0,1981,1,280,0,0,0,0
595,8,319000,2005,2006,238,1814,1826,1826,2,7,1,2005,3,758,0,1,1,1
596,6,114504,1910,1993,0,684,684,1368,1,7,0,1930,1,216,0,0,0,0
597,7,194201,2006,2007,72,1258,1402,1402,0,7,1,2006,3,648,0,1,1,0
598,5,217500,1977,1977,459,1430,1647,1647,2,7,1,1977,2,621,0,0,0,0
599,6,151000,1980,1980,0,716,716,1556,2,6,1,1980,2,452,0,0,0,0
600,8,275000,2005,2005,280,1058,1058,1904,2,8,1,2003,2,736,1,1,1,1
601,6,141000,1937,1950,0,780,780,1375,1,6,1,1979,1,544,0,0,1,0
602,8,220000,1992,1992,0,908,927,1915,2,8,1,1992,2,506,0,1,1,1
603,7,151000,2004,2005,0,600,600,1200,2,4,0,2004,2,480,0,1,1,0
604,7,221000,2002,2002,99,1494,1494,1494,2,6,1,2002,2,530,0,1,1,1
605,7,205000,1965,1990,176,768,1186,1986,2,7,3,1965,2,486,0,0,0,0
606,5,152000,1996,1996,0,1040,1040,1040,1,6,0,2000,2,576,0,0,1,1
607,5,225000,1948,2002,0,896,1112,2008,3,8,0,1948,1,230,0,0,0,1
608,8,359100,1934,1998,0,965,1940,3194,2,10,2,1934,2,380,0,0,1,0
609,4,118500,1961,1961,192,1029,1029,1029,1,5,0,1961,1,261,0,0,0,0
610,9,313000,2000,2000,204,1440,1476,2153,2,8,2,2000,3,736,0,1,1,1
611,6,148000,1978,1978,233,1032,1032,1032,2,6,1,1978,2,564,0,0,0,0
612,8,261500,2001,2001,108,1299,1299,1872,2,7,1,2001,2,531,0,1,1,1
613,5,147000,2007,2007,0,1120,1120,1120,1,6,0,1927,0,0,0,0,1,0
614,4,75500,1972,1972,0,630,630,630,1,3,0,1927,0,0,0,0,0,0
615,6,137500,1963,1963,156,936,1054,1054,1,6,0,1963,2,480,0,0,1,1
616,6,183200,2002,2003,0,783,807,1509,2,7,1,2002,2,393,0,1,1,1
617,6,105500,1954,1954,0,832,832,832,1,4,0,1962,2,528,0,0,0,0
618,9,314813,2007,2007,452,1822,1828,1828,2,9,1,2007,3,774,1,0,1,1
619,8,305000,2003,2003,226,1482,1482,2262,2,10,2,2003,3,749,0,1,1,1
620,3,67000,1914,1950,0,864,864,864,1,5,0,1927,0,0,0,0,0,0
621,6,240000,1974,1997,0,1522,1548,2614,2,9,1,1974,2,624,0,0,0,0
622,5,135000,1977,1977,153,980,980,980,1,6,0,1986,2,484,0,0,0,0
623,6,168500,2000,2000,513,756,756,1512,2,4,1,2000,2,440,0,1,1,1
624,6,165150,1972,1972,288,732,1012,1790,1,8,1,1972,2,484,0,0,0,0
625,6,160000,1962,1962,261,1116,1116,1116,1,5,0,1962,2,440,0,0,0,0
626,5,139900,1960,1978,0,978,1422,1422,1,6,1,1960,1,286,0,0,0,0
627,6,153000,1955,1972,164,1156,1520,1520,1,7,2,1955,1,364,0,0,0,0
628,5,135000,1969,1969,192,1040,1040,2080,1,9,2,1969,2,504,0,0,1,0
629,6,168500,1964,1964,259,1248,1350,1350,1,6,0,1964,2,520,0,0,0,1
630,5,124000,1880,1991,0,636,1089,1750,1,8,0,1937,1,240,0,0,0,0
631,8,209500,2006,2006,108,1554,1554,1554,2,6,1,2006,2,627,1,1,1,1
632,7,82500,1977,1977,209,1386,1411,1411,2,6,1,1977,2,544,0,0,0,0
633,5,139400,1954,2005,0,1056,1056,1056,1,6,0,1954,1,260,0,0,0,0
634,6,144000,1980,1980,0,1056,1056,1056,0,4,0,1980,2,576,0,0,0,1
635,6,200000,1914,1995,0,1440,1440,3395,2,14,0,1927,0,0,0,0,0,0
636,2,60000,1936,1950,0,264,800,800,1,4,1,1927,0,0,0,0,0,0
637,5,93000,1954,1954,0,811,811,1387,2,7,0,1954,1,256,0,0,0,0
638,5,85000,1910,1950,0,796,796,796,1,4,0,1927,0,0,0,0,0,0
639,8,264561,2006,2006,0,1520,1567,1567,2,7,1,2006,3,648,0,1,1,1
640,8,274000,2003,2004,472,1518,1518,1518,1,6,1,2003,2,588,1,0,1,1
641,7,226000,2001,2001,0,1057,1057,1929,2,7,1,2001,2,650,0,1,1,1
642,8,345000,1972,1995,0,1952,2000,2704,2,9,3,1972,2,538,0,1,0,1
643,5,152000,1969,1969,263,780,780,1620,2,7,0,1969,2,462,0,0,0,0
644,9,370878,2009,2009,162,1766,1766,1766,2,7,1,2009,3,478,0,0,1,1
645,6,143250,1971,1971,0,981,981,981,1,5,0,1979,2,576,0,0,0,0
646,5,98300,1950,1950,0,0,1048,1048,1,7,0,1950,2,420,0,0,0,0
647,6,155000,1953,1953,216,1094,1094,1094,1,5,2,1953,2,495,0,0,0,0
648,6,155000,1966,1966,351,756,1051,1839,1,7,1,1966,2,442,0,0,0,0
649,4,84500,1970,1970,0,630,630,630,1,3,0,1927,0,0,0,0,0,0
650,7,205950,2007,2007,0,813,822,1665,2,7,0,2007,2,562,0,1,1,0
651,4,108000,1940,1950,0,755,755,1510,1,7,1,1940,1,296,0,0,0,0
652,7,191000,1996,1996,0,880,909,1716,2,7,1,1996,2,512,0,1,1,0
653,6,135000,1906,1995,0,756,756,1469,1,7,0,1906,1,216,0,0,0,0
654,8,350000,1995,1995,660,2109,2113,2113,2,7,1,1995,3,839,0,1,1,1
655,6,88000,1971,1971,381,525,525,1092,1,6,0,1971,1,264,0,0,0,0
656,5,145500,1959,2006,54,1053,1053,1053,1,5,0,1959,1,312,0,1,0,0
657,7,149000,1931,2000,0,776,851,1502,1,6,1,1931,1,270,0,0,0,0
658,6,97500,1948,1950,0,912,912,1458,1,6,1,1948,1,330,0,0,0,0
659,5,167000,1964,1999,0,1486,1486,1486,1,7,0,1968,2,480,0,0,1,0
660,7,197900,1976,1976,233,793,1142,1935,2,7,1,1976,2,550,0,0,0,0
661,8,402000,1994,2005,528,1629,1686,2448,2,8,1,1994,3,711,0,1,1,1
662,6,110000,1968,1968,216,1392,1392,1392,1,5,2,1968,2,576,0,0,0,0
663,4,137500,1972,1972,0,1138,1181,1181,2,6,0,1974,2,588,0,0,0,0
664,8,423000,2005,2006,0,2077,2097,2097,1,8,1,2005,3,1134,0,1,1,1
665,8,230500,2000,2000,40,1406,1454,1936,2,7,1,2000,2,504,0,1,1,0
666,6,129000,1965,1979,113,1021,1465,2380,2,7,1,1965,2,596,0,0,0,0
667,6,193500,1994,1998,258,1408,1679,1679,2,7,1,1994,2,575,0,0,1,1
668,5,168000,1956,1987,0,1188,1437,1437,1,6,1,1999,2,576,0,0,0,0
669,4,137500,1922,1950,0,700,1180,1180,1,5,1,1922,1,252,0,0,0,0
670,6,173500,2005,2005,0,738,738,1476,2,7,0,2005,2,540,0,1,1,1
671,6,103600,1925,1950,0,672,697,1369,2,6,0,1930,1,300,0,0,0,0
672,6,165000,1977,1977,0,1208,1208,1208,1,6,1,1977,2,546,0,1,0,0
673,6,257500,1957,2004,106,1477,1839,1839,2,7,2,1957,2,416,0,0,1,1
674,6,140000,1965,1965,0,1136,1136,1136,1,5,1,1965,1,384,0,0,0,0
675,6,148500,1978,1978,0,855,855,1441,2,7,1,1978,2,440,0,0,0,0
676,4,87000,1900,1950,0,1095,1095,1774,2,8,0,1920,3,779,0,0,0,0
677,5,109500,1924,2006,0,768,792,792,1,5,0,1924,1,240,0,1,0,0
678,8,372500,2008,2008,464,2046,2046,2046,2,7,1,2008,3,834,0,1,1,0
679,5,128500,1961,1961,57,988,988,988,1,5,0,1963,2,572,0,0,0,0
680,6,143000,1980,1980,0,923,923,923,2,5,1,1980,1,264,0,0,0,0
681,5,159434,1932,2000,0,793,848,1520,1,6,0,1968,1,281,0,0,0,0
682,6,173000,1996,1997,0,1291,1291,1291,1,6,1,1996,2,431,0,0,1,1
683,9,285000,2002,2002,215,1626,1668,1668,2,7,1,2002,3,702,0,1,1,1
684,7,221000,1998,1998,30,1195,1195,1839,2,7,0,1998,2,486,0,1,1,0
685,7,207500,1984,1984,0,1190,1190,2090,2,6,1,1984,2,577,0,1,0,1
686,7,227875,2007,2007,0,874,874,1761,3,7,0,2007,2,578,0,1,1,0
687,7,148800,2004,2004,0,551,551,1102,2,4,0,2004,2,480,0,1,1,1
688,8,392000,2007,2007,0,1419,1419,1419,2,7,1,2007,2,567,0,1,1,1
689,6,194700,2005,2006,256,1362,1362,1362,2,6,1,2005,2,460,1,1,1,0
690,6,141000,2004,2004,147,848,848,848,1,3,1,2004,2,420,0,1,1,1
691,10,755000,1994,1995,1170,2444,2444,4316,3,10,2,1994,3,832,0,0,1,1
692,7,335000,1989,1990,293,1210,1238,2519,2,9,2,1989,2,628,0,1,1,1
693,5,108480,1921,1968,0,1073,1073,1073,1,4,0,1968,1,326,0,0,0,0
694,5,141500,1936,1950,0,927,1067,1539,1,5,0,1995,2,576,0,0,0,0
695,6,176000,1987,1987,72,1112,1137,1137,2,5,1,1987,2,551,0,0,0,1
696,5,89000,1921,1950,0,616,616,616,1,4,0,1921,1,205,0,0,0,0
697,5,123500,1952,1952,0,980,1148,1148,1,6,0,1952,1,308,0,0,1,0
698,5,138500,1965,2009,0,894,894,894,1,5,1,1973,1,336,0,0,0,1
699,7,196000,2004,2004,0,1391,1391,1391,2,5,0,2004,2,530,0,1,1,1
700,8,312500,2002,2002,630,1800,1800,1800,2,7,1,2002,3,765,0,1,1,1
701,7,140000,1969,1969,168,1164,1164,1164,1,6,0,1969,2,528,0,0,0,0
702,8,361919,2006,2006,466,1234,1264,2576,2,10,1,2006,3,666,0,0,1,0
703,5,140000,1900,1996,0,360,1032,1812,2,8,1,1999,2,672,0,0,0,0
704,7,213000,2004,2005,109,1473,1484,1484,2,7,0,2004,2,606,0,1,1,1
705,4,55000,1930,1950,0,0,372,1092,2,7,0,1927,0,0,0,0,0,0
706,7,302000,1971,2002,351,1643,1824,1824,2,5,2,1971,2,739,0,0,0,1
707,8,254000,2006,2006,176,1324,1324,1324,2,6,1,2006,2,550,1,1,1,1
708,7,179540,2007,2007,0,728,728,1456,2,8,1,2007,2,400,0,1,1,0
709,5,109900,1966,1966,41,876,904,904,1,6,0,1966,1,408,0,0,1,0
710,3,52000,1935,2003,0,270,729,729,1,5,0,1927,0,0,0,1,0,0
711,4,102776,1900,1950,0,859,859,1178,1,7,0,1964,1,384,0,0,0,0
712,8,189000,1988,1989,0,1228,1228,1228,2,5,1,1988,2,472,0,1,1,1
713,4,129000,1970,1970,160,960,960,960,1,6,0,1970,2,576,0,0,0,0
714,6,130500,1976,2005,289,725,725,1479,2,6,0,1976,2,475,0,1,0,1
715,6,165000,1974,1974,174,1064,1350,1350,2,7,1,1974,2,478,0,0,0,0
716,7,159500,1890,1998,0,718,1576,2554,1,8,0,1996,2,704,0,0,0,0
717,5,157000,1973,2000,0,1176,1178,1178,1,5,1,1973,2,439,0,0,0,0
718,7,341000,1993,1994,651,1311,1325,2418,2,9,1,1993,3,983,0,1,1,1
719,5,128500,1969,1969,0,971,971,971,1,5,1,1969,1,300,0,0,0,0
720,8,275000,1985,1985,0,1742,1742,1742,2,5,1,1985,2,564,0,1,1,1
721,6,143000,2004,2004,169,848,848,848,1,3,0,2004,2,420,0,1,1,1
722,4,124500,1970,1970,0,864,864,864,1,5,0,1994,2,463,0,0,0,0
723,4,135000,1954,1972,0,941,997,1470,2,7,0,1958,1,548,0,0,1,0
724,9,320000,2007,2008,340,1698,1698,1698,2,8,1,2007,3,768,0,0,1,1
725,4,120500,1970,1970,0,864,864,864,1,5,0,1989,2,660,0,0,0,0
726,6,222000,1988,2007,260,880,1680,1680,2,5,1,1988,2,540,0,1,0,1
727,7,194500,2007,2007,82,1232,1232,1232,2,6,0,2007,2,632,0,1,1,1
728,5,110000,1958,1958,95,1584,1776,1776,2,9,0,1968,3,888,0,0,0,0
729,4,103000,1925,1950,0,780,848,1208,1,5,0,1962,2,539,0,0,0,0
730,8,236500,1995,1996,0,1595,1616,1616,2,5,1,1995,2,608,0,1,1,1
731,7,187500,2003,2003,442,868,1146,1146,2,6,1,2003,2,438,0,1,1,1
732,7,222500,1998,1999,202,1153,1153,2031,2,8,1,1998,2,541,0,1,1,0
733,5,131400,1961,1983,0,864,1144,1144,1,6,1,1961,1,264,0,0,0,0
734,5,108000,1968,1968,0,948,948,948,1,6,0,1968,1,300,0,0,1,0
735,7,163000,1914,1970,0,880,880,1768,1,6,2,1914,2,320,0,0,0,0
736,3,93500,1950,1950,0,0,1040,1040,2,6,0,1949,2,400,0,0,0,0
737,8,239900,2005,2005,0,893,901,1801,2,8,1,2005,3,800,0,1,1,0
738,5,179000,1987,1988,0,1200,1200,1200,3,5,0,1927,0,0,0,0,0,1
739,7,190000,2004,2004,0,864,864,1728,2,7,0,2004,2,572,0,1,1,0
740,5,132000,1910,2002,0,264,768,1432,2,7,0,1910,2,360,0,0,0,0
741,6,142000,1961,1996,0,912,912,912,1,5,0,1962,1,288,0,0,0,1
742,7,179000,2000,2001,108,1349,1349,1349,2,6,0,2000,2,539,0,0,1,0
743,5,175000,1963,1999,0,520,1464,1464,2,6,1,1997,2,480,0,0,0,0
744,8,180000,1993,1993,0,1337,1337,1337,2,5,1,1993,2,462,0,1,1,1
745,8,299800,1976,1996,289,1142,1175,2715,3,11,2,1994,2,831,0,0,0,1
746,7,236000,2000,2000,0,952,980,2256,2,8,1,2000,2,554,0,1,1,1
747,7,265979,1880,2003,0,1240,1320,2640,1,8,1,1950,4,864,0,1,0,0
748,7,260400,1996,1996,338,1720,1720,1720,2,7,1,1996,2,527,0,1,1,1
749,4,98000,1945,1950,0,0,1088,1529,2,9,0,1945,1,240,0,0,0,0
750,4,96500,1910,2004,0,576,792,1140,1,7,0,1927,0,0,0,0,0,0
751,7,162000,2003,2003,0,660,660,1320,2,6,0,2003,2,400,0,1,1,0
752,6,217000,1997,1997,0,1479,1494,1494,2,6,0,1997,2,576,0,0,1,1
753,8,275500,2005,2005,178,1030,1038,2098,2,8,1,2005,3,878,1,1,1,0
754,6,156000,1969,2005,0,1026,1026,1026,1,5,0,1969,2,440,0,0,0,1
755,6,172500,1999,1999,894,729,742,1471,2,6,0,1999,2,440,0,0,1,1
756,8,212000,2007,2007,0,866,866,1768,2,7,0,2007,2,578,0,1,1,1
757,6,158900,1978,1978,328,672,672,1386,2,6,1,1978,2,440,0,0,0,0
758,7,179400,1999,1999,360,744,757,1501,2,6,0,1999,2,440,0,0,1,0
759,8,290000,1995,1995,513,1318,1328,2531,2,9,1,1995,3,752,0,1,1,0
760,6,127500,1959,1959,0,864,864,864,1,5,0,2008,1,300,0,0,0,0
761,5,100000,1924,1950,0,1145,1301,1301,1,5,0,1965,2,440,0,0,1,0
762,7,215200,2009,2009,0,756,764,1547,2,7,0,2009,2,614,0,0,1,1
763,8,337000,1999,1999,673,1252,1268,2365,2,8,1,1999,3,856,0,1,1,1
764,8,270000,1995,1996,0,1494,1494,1494,1,6,1,1995,2,481,0,1,1,0
765,9,264132,2008,2008,284,1498,1506,1506,2,6,1,2008,2,592,0,1,1,0
766,7,196500,1988,1988,42,980,980,1714,2,7,1,1988,2,496,0,0,0,1
767,6,160000,1940,1985,0,983,983,1750,2,7,0,1989,1,423,0,0,0,0
768,7,216837,2004,2005,0,1860,1836,1836,2,8,1,2004,2,484,0,1,1,1
769,8,538000,2003,2003,603,1650,1690,3279,3,12,1,2003,3,841,0,0,1,0
770,5,134900,1982,1982,0,858,858,858,1,5,0,1983,2,576,0,0,0,1
771,4,102000,1951,1951,0,836,1220,1220,1,6,0,1951,2,396,0,0,0,0
772,6,107000,1976,1976,0,1029,1117,1117,1,6,1,1976,2,672,0,0,0,0
773,5,114500,1958,1958,1,912,912,912,1,5,0,1958,1,275,0,0,0,0
774,8,395000,2006,2006,375,1935,1973,1973,2,9,1,2006,3,895,1,1,1,0
775,6,162000,1998,1998,320,1204,1204,1204,2,5,0,1998,2,412,0,0,1,1
776,7,221500,2005,2006,240,1614,1614,1614,2,7,0,2005,3,865,0,1,1,1
777,5,142500,1974,1974,0,864,894,894,1,5,1,1974,2,440,0,0,0,0
778,5,144000,1977,1977,320,0,2020,2020,2,10,2,1977,2,630,0,0,0,0
779,6,135000,1977,1977,90,975,1004,1004,1,4,0,1977,2,504,0,0,0,1
780,7,176000,1995,1996,38,1237,1253,1253,2,6,1,1995,2,402,0,0,1,0
781,6,175900,1992,1992,0,761,810,1603,2,7,0,1992,2,484,0,1,1,0
782,7,187100,2001,2002,0,1413,1430,1430,2,6,0,2001,2,605,0,1,1,0
783,5,165500,1978,1978,104,1097,1110,1110,1,4,1,1978,2,602,0,0,1,1
784,6,128000,1914,2001,0,742,742,1484,2,9,1,1927,0,0,0,0,0,0
785,6,161500,1967,1967,0,1372,1342,1342,2,7,1,1967,2,457,0,0,0,0
786,5,139000,1915,1950,0,686,966,1652,2,7,0,1961,1,416,0,0,1,0
787,7,233000,2004,2004,0,956,956,2084,2,8,0,2004,2,618,0,1,1,1
788,4,107900,1954,2000,0,901,901,901,1,4,0,1954,1,281,0,0,0,0
789,6,187500,1966,2007,157,832,976,2087,2,9,0,1966,2,444,0,0,0,0
790,7,160200,2005,2006,11,1145,1145,1145,2,5,1,2005,2,397,0,1,1,1
791,6,146800,1976,1976,0,1029,1062,1062,1,5,2,1976,2,539,0,0,1,0
792,7,269790,1996,1997,0,1117,1127,2013,2,8,1,1997,2,455,0,1,1,1
793,8,225000,2007,2007,140,1496,1496,1496,2,7,0,2007,2,474,0,1,1,0
794,7,194500,1994,1996,0,712,1086,1895,2,7,1,1994,2,409,0,1,1,0
795,6,171000,1980,1981,130,650,888,1564,2,7,1,1980,2,476,0,0,0,0
796,6,143500,1977,1977,148,660,1285,1285,1,7,1,1977,2,528,0,0,0,0
797,5,110000,1953,1953,0,773,773,773,1,4,0,1953,1,240,0,0,0,0
798,9,485000,2008,2009,860,1926,1966,3140,3,11,2,2009,3,820,1,0,1,0
799,5,175000,1937,1950,252,731,981,1768,1,7,2,1939,1,240,0,0,0,0
800,6,200000,1997,1997,0,616,616,1688,2,8,0,1997,2,603,0,0,1,1
801,4,109900,1916,1990,0,1196,1196,1196,1,5,0,1957,2,440,0,0,0,0
802,7,189000,2005,2005,0,728,728,1456,2,7,1,2005,2,410,0,1,1,1
803,9,582933,2008,2009,424,1734,1734,2822,3,12,1,2009,3,1020,1,0,1,0
804,5,118000,1954,1954,0,936,1128,1128,1,5,0,1954,1,286,0,0,0,0
805,7,227680,2008,2008,256,1417,1428,1428,2,6,0,2008,2,554,0,1,1,0
806,5,135500,1967,1967,0,980,980,980,2,6,0,1967,1,384,0,0,1,0
807,5,223500,1923,2004,0,1324,1072,1576,1,6,1,1923,2,528,0,0,0,1
808,5,159950,1966,1966,1047,1024,1086,1086,1,6,1,1966,2,484,0,0,0,0
809,5,106000,1898,1965,0,849,1075,2138,2,11,0,1910,2,360,0,0,1,0
810,6,181000,1974,1999,99,1040,1309,1309,1,5,1,1974,2,484,0,0,0,0
811,6,144500,2004,2004,169,848,848,848,1,4,1,2004,2,420,0,1,1,1
812,5,55993,1952,1952,0,540,1044,1044,1,4,0,1952,2,504,0,0,0,0
813,6,157900,1958,1958,243,1442,1442,1442,1,7,0,1958,1,301,0,0,0,0
814,5,116000,1918,1950,0,686,686,1250,1,7,0,1955,1,280,0,0,0,0
815,7,224900,1998,1998,442,1649,1661,1661,2,6,0,1998,2,598,0,0,1,0
816,5,137000,1954,1954,0,1008,1008,1008,1,4,1,1954,1,275,0,0,0,0
817,8,271000,2002,2002,148,1568,1689,1689,2,7,2,2002,3,857,0,1,1,1
818,6,155000,1971,1971,80,1010,1052,1052,1,6,0,1971,2,440,0,0,0,1
819,7,224000,2009,2010,128,1358,1358,1358,2,6,1,2010,2,484,1,1,1,1
820,7,183000,2003,2003,0,798,798,1640,2,6,0,2003,2,595,0,1,1,0
821,4,93000,1953,1953,0,936,936,936,1,4,0,1974,2,576,0,0,0,0
822,7,225000,2003,2003,0,847,847,1733,2,7,1,2003,2,433,0,1,1,0
823,6,139500,1940,1950,0,778,944,1489,2,7,1,1940,1,240,0,0,0,0
824,8,232600,2006,2006,0,1489,1489,1489,2,7,1,2006,2,776,0,1,1,0
825,10,385000,2007,2008,816,2078,2084,2084,2,7,1,2007,3,1220,1,0,1,1
826,5,109500,1924,1950,0,784,784,784,1,5,0,1927,0,0,0,0,0,0
827,7,189000,2001,2001,0,1454,1434,1434,2,6,1,2001,2,527,0,1,1,1
828,5,185000,1967,1967,0,1013,1160,2126,2,7,0,1967,2,538,0,0,1,0
829,7,147400,2005,2005,0,600,520,1223,2,4,0,2005,2,480,0,1,1,0
830,6,166000,1957,1957,387,1392,1392,1392,1,6,2,1957,2,458,0,0,0,0
831,7,151000,2005,2005,0,600,520,1200,2,4,0,2005,2,480,0,0,1,0
832,7,237000,2003,2003,223,941,941,1829,2,7,1,2003,2,613,0,1,1,1
833,6,167000,1964,1964,180,1516,1516,1516,1,6,0,1964,2,472,0,0,0,0
834,5,139950,1961,1961,136,1144,1144,1144,1,6,0,1961,2,456,0,0,0,0
835,4,128000,1950,1995,0,1067,1067,1067,2,4,0,1996,2,436,0,0,0,0
836,5,153500,1948,1973,0,1559,1559,1559,1,5,0,1948,2,812,0,0,0,0
837,6,100000,1973,1973,158,483,483,987,1,5,0,1973,1,264,0,0,0,0
838,5,144000,1995,2006,0,1099,1099,1099,1,6,0,1999,1,352,0,0,1,0
839,5,130500,1946,1995,0,768,768,1200,1,6,0,1946,1,240,0,0,0,0
840,6,140000,1925,1950,0,672,810,1482,2,7,0,1934,1,400,0,0,0,0
841,5,157500,1904,2002,0,650,958,1539,2,8,1,1983,2,686,0,0,1,0
842,6,174900,1966,1966,183,1127,1165,1165,1,6,0,1966,2,490,0,0,0,0
843,5,141000,1961,1961,0,1800,1800,1800,2,10,0,1927,0,0,0,0,0,0
844,5,153900,1915,1950,0,876,876,1416,1,7,1,1949,3,720,0,0,0,0
845,5,171000,1975,1981,0,1390,1701,1701,2,6,2,1975,2,611,0,0,0,0
846,7,213000,1993,1993,137,740,1006,1775,2,7,1,1993,2,425,0,1,1,0
847,5,133500,1972,1972,0,864,864,864,1,5,1,1972,1,338,0,0,0,0
848,6,240000,1908,1997,0,907,1307,2358,3,10,1,1908,2,360,0,0,0,0
849,6,187000,1976,1994,360,528,1094,1855,2,7,1,1976,2,512,0,1,0,0
850,6,131500,2003,2003,170,848,848,848,1,3,0,2003,2,420,0,1,1,1
851,8,215000,2003,2003,40,1273,1456,1456,2,7,1,2003,2,400,0,1,1,0
852,7,164000,1941,1950,0,918,918,1646,2,7,2,1941,1,240,0,0,0,0
853,6,158000,1964,1964,115,1127,1445,1445,1,7,1,1964,2,645,0,0,0,0
854,5,170000,1955,1974,0,1763,1779,1779,1,6,1,1955,2,454,0,0,0,0
855,5,127000,1962,2010,0,1040,1040,1040,1,6,0,1962,1,260,0,0,0,0
856,6,147000,1978,1978,0,940,1026,1026,1,5,0,1981,2,576,0,0,0,1
857,6,174000,1994,1995,0,702,702,1481,2,6,1,1994,2,343,0,0,1,0
858,7,152000,1976,1976,189,1090,1370,1370,2,6,1,1976,2,479,0,0,0,0
859,6,250000,1968,1984,220,1054,1512,2654,2,9,1,1968,2,619,0,0,0,0
860,7,189950,1918,1998,0,912,912,1426,1,7,1,1925,1,216,0,1,0,0
861,5,131500,1965,1965,0,1039,1039,1039,1,6,0,1965,2,504,0,0,1,0
862,6,152000,1984,1985,0,1040,1097,1097,2,6,0,1986,2,480,0,0,1,1
863,5,132500,1959,1959,0,1148,1148,1148,1,6,0,1959,1,672,0,0,0,0
864,7,250580,2007,2008,0,1372,1372,1372,2,6,0,2008,2,529,0,1,1,0
865,5,148500,1970,1970,76,1002,1002,1002,1,5,0,1973,2,902,0,0,0,0
866,8,248900,2006,2007,274,1638,1646,1646,2,6,1,2007,3,870,0,1,1,0
867,4,129000,1961,1961,0,1040,1120,1120,1,5,0,1961,2,544,0,0,0,0
868,5,169000,1948,1950,0,0,1547,2320,2,7,1,1979,2,672,0,0,0,0
869,7,236000,1993,1994,246,1050,1062,1949,2,8,1,1993,2,574,0,1,1,1
870,5,109500,1962,1962,0,894,894,894,1,5,0,1962,1,308,0,0,0,0
871,6,200500,1998,1998,116,804,804,1682,2,7,0,1998,2,523,0,0,1,1
872,5,116000,1953,1996,0,105,910,910,1,5,0,1953,2,414,0,1,0,0
873,5,133000,1949,1950,0,832,1036,1268,1,6,1,1949,1,288,0,1,0,0
874,5,66500,1941,1950,0,676,676,1131,1,5,0,1941,1,200,0,0,0,0
875,8,303477,2007,2007,0,1184,1184,2610,2,11,1,2007,2,550,0,1,1,1
876,4,132250,1963,1963,0,1064,1040,1040,1,5,0,1963,2,648,0,0,1,0
877,9,350000,2004,2005,216,1462,1462,2224,2,10,1,2004,3,738,1,1,1,1
878,5,148000,1961,1995,0,1109,1155,1155,1,6,0,1987,2,576,0,0,0,0
879,5,136500,1978,2005,90,864,864,864,1,6,0,1978,1,336,0,1,0,0
880,5,157000,2005,2006,0,1090,1090,1090,1,5,0,2005,2,450,0,0,1,0
881,7,187500,1990,1991,117,1156,1187,1717,2,7,1,1990,2,400,0,1,0,0
882,6,178000,1992,1993,0,808,808,1593,2,7,1,1993,2,389,0,0,1,0
883,4,118500,1912,1950,0,795,954,2230,1,10,0,1997,1,440,0,1,1,0
884,5,100000,1967,1967,60,892,892,892,1,5,0,1967,1,288,0,0,0,0
885,9,328900,1999,2000,60,1698,1709,1709,2,5,1,1999,2,506,0,1,1,1
886,5,145000,1959,2005,122,1626,1712,1712,2,8,0,2005,2,588,0,0,0,0
887,5,135500,1955,1955,0,816,872,1393,1,8,0,1955,1,300,0,0,1,0
888,8,268000,1970,1970,0,2217,2217,2217,2,8,1,1970,2,621,0,1,1,0
889,6,149500,1953,1953,90,1505,1505,1505,1,6,1,1953,2,505,0,0,0,0
890,5,122900,1949,2006,0,672,672,924,1,6,1,2003,2,576,0,0,0,0
891,6,172500,1978,1978,92,918,918,1683,2,7,1,1978,2,440,0,0,0,0
892,6,154500,1963,2003,0,1059,1068,1068,1,6,0,1963,1,264,0,0,0,1
893,5,165000,1954,1954,0,1383,1383,1383,1,6,1,1954,1,354,0,0,1,0
894,5,118858,1979,1979,0,0,1535,1535,2,8,0,1979,2,400,0,0,0,0
895,6,140000,1963,1963,415,780,983,1796,1,8,1,1963,2,483,0,0,0,0
896,4,106500,1936,1950,0,951,951,951,1,6,0,1936,1,327,0,0,0,0
897,5,142953,1979,1979,0,0,1120,2240,2,12,0,1979,2,528,0,0,0,0
898,9,611657,2009,2010,760,2330,2364,2364,2,11,2,2009,3,820,1,0,1,1
899,5,135000,1961,1994,0,912,1236,1236,1,6,1,1961,1,288,0,0,0,0
900,4,110000,1971,1971,0,858,858,858,1,4,0,1979,1,684,0,0,0,0
901,5,153000,1957,2000,0,992,1306,1306,1,5,0,1968,1,756,0,0,0,0
902,7,180000,2003,2003,0,783,807,1509,2,8,1,2003,2,393,0,1,1,0
903,7,240000,2006,2006,27,1670,1670,1670,2,7,1,2006,3,690,0,1,1,0
904,5,125500,1967,1967,75,876,902,902,1,6,0,1967,1,288,0,0,0,1
905,5,128000,1954,1954,110,1056,1063,1063,1,6,0,1954,1,280,0,0,0,0
906,8,255000,2006,2006,208,1623,1636,1636,2,8,1,2006,3,865,0,1,1,1
907,7,250000,1936,1987,0,1017,1020,2057,1,6,1,1936,1,180,0,1,0,0
908,5,131000,1983,1983,0,864,902,902,1,5,0,1983,2,484,0,0,0,0
909,6,174000,2005,2005,0,742,742,1484,2,8,1,2005,2,390,0,1,1,0
910,5,154300,1960,1960,361,1105,1105,2274,2,12,0,1960,2,480,0,0,0,0
911,5,143500,1977,1989,0,1268,1268,1268,1,5,0,1978,1,252,0,0,0,0
912,5,88000,1925,1950,0,768,1015,1015,1,6,0,1925,1,450,0,0,0,0
913,5,145000,1949,1950,0,1001,1001,2002,2,8,0,1949,3,871,0,0,0,0
914,6,173733,2009,2009,76,612,612,1224,2,4,0,2009,2,528,0,1,1,1
915,4,75000,1970,1970,80,546,546,1092,1,6,0,1970,1,286,0,0,0,0
916,2,35311,1949,1950,0,480,480,480,0,4,0,1958,1,308,0,0,0,0
917,4,135000,1956,1956,0,1134,1229,1229,1,6,0,1956,1,284,0,0,0,0
918,7,238000,1991,1991,0,1104,912,2127,2,8,1,1991,3,833,0,1,1,0
919,6,176500,1958,2002,0,1184,1414,1414,1,6,1,1990,2,601,0,0,0,0
920,6,201000,1994,1994,105,928,936,1721,2,7,0,1994,2,471,0,1,1,1
921,5,145900,1900,2003,0,1272,1272,2200,2,9,0,1927,0,0,0,0,0,0
922,6,169990,2005,2006,0,1316,1316,1316,2,6,1,2005,2,397,0,1,1,1
923,6,193000,1993,1994,0,1604,1617,1617,2,5,1,1993,2,533,0,1,1,0
924,6,207500,1980,1980,157,1686,1686,1686,2,7,1,1980,2,612,0,0,0,0
925,5,175000,1977,1977,0,1126,1126,1126,2,6,0,1977,2,540,0,0,1,0
926,8,285000,2003,2004,340,1181,1234,2374,2,10,1,2003,3,656,1,1,1,0
927,7,176000,1968,1968,342,832,1098,1978,2,9,1,1968,2,486,0,0,0,0
928,8,236500,2001,2001,0,1753,1788,1788,2,7,1,2001,2,522,0,1,1,0
929,7,222000,1997,1997,285,964,993,2236,2,8,1,1997,2,642,0,0,1,0
930,8,201000,2007,2007,0,1466,1466,1466,2,7,0,2007,3,610,0,1,1,1
931,5,117500,1965,1965,0,925,925,925,1,5,0,1965,1,429,0,0,0,0
932,9,320000,2006,2006,302,1905,1905,1905,2,8,1,2006,3,788,0,0,1,0
933,7,190000,2004,2004,210,1500,1500,1500,2,6,0,2004,2,570,0,1,1,1
934,7,242000,1960,2007,0,585,2069,2069,2,9,1,1960,2,505,0,0,0,1
935,4,79900,1926,1953,108,600,747,747,1,5,0,1953,2,528,0,0,1,0
936,7,184900,2003,2003,0,1176,1200,1200,2,5,0,2003,2,555,0,1,1,1
937,7,253000,2005,2005,0,1113,1113,1971,2,8,1,2005,2,689,0,1,1,1
938,7,239799,2006,2006,0,1391,1391,1962,2,7,0,2006,3,868,0,1,1,1
939,7,244400,1940,1950,0,1032,1207,2403,2,10,2,1940,1,349,0,0,0,0
940,6,150900,1976,1976,0,1728,1728,1728,2,8,0,1976,2,574,0,0,0,0
941,7,214000,1999,1999,298,992,1022,2060,2,8,1,1999,2,390,0,1,1,0
942,4,150000,1977,1977,0,1440,1440,1440,2,8,0,1927,0,0,0,0,1,1
943,5,143000,1967,1967,0,1632,1632,1632,2,8,0,1967,2,576,0,0,0,0
944,6,137500,1958,1958,541,819,1344,1344,1,7,1,1958,2,525,0,0,0,1
945,5,124900,1890,1996,0,1088,1188,1869,1,7,0,1963,2,456,0,0,0,0
946,5,143000,1959,1959,128,1144,1144,1144,1,6,1,1959,1,796,0,0,0,0
947,8,270000,2002,2003,236,1616,1629,1629,2,9,1,2002,3,808,0,1,1,1
948,7,192500,2002,2002,144,936,936,1776,2,7,1,2002,2,474,0,1,1,0
949,6,197500,1972,2006,0,1161,1381,1381,1,5,1,1972,2,676,0,0,0,0
950,5,129000,1950,2002,0,864,864,864,1,5,0,1980,2,720,0,0,0,0
951,5,119900,1965,1965,0,828,965,965,1,6,0,1979,1,300,0,0,0,0
952,5,133900,1972,2003,0,768,768,768,1,5,0,1974,1,396,0,0,0,1
953,5,172000,1969,1969,232,784,1168,1968,2,7,1,1969,2,530,0,0,0,0
954,6,127500,1975,1975,250,945,980,980,2,4,0,1927,0,0,0,0,0,1
955,6,145000,1946,1950,423,979,979,1958,2,8,0,1946,2,492,0,0,0,0
956,6,124000,1980,1980,0,561,561,1229,1,5,1,1980,2,462,0,0,0,0
957,5,132000,1962,1962,0,1057,1057,1057,1,6,0,1977,2,576,0,0,0,0
958,7,185000,2003,2003,0,1337,1337,1337,2,6,0,2003,2,531,0,1,1,1
959,7,155000,1999,1999,0,696,696,1416,2,6,0,1999,2,484,0,1,1,0
960,5,116500,1958,2008,0,858,858,858,1,4,0,1927,0,0,0,0,0,0
961,6,272000,1977,1995,424,1330,1542,2872,2,11,1,1977,2,619,0,0,0,0
962,6,155000,1976,1976,0,804,804,1548,2,7,1,1976,2,440,0,0,0,0
963,9,239000,2007,2007,0,1800,1800,1800,2,7,0,2007,2,702,0,1,1,0
964,7,214900,2002,2003,44,817,824,1894,2,8,1,2002,2,510,0,1,1,1
965,6,178900,2005,2007,0,783,783,1484,2,8,1,2005,2,393,0,1,1,0
966,5,160000,1940,1950,0,728,976,1308,1,7,2,1940,1,256,0,1,0,0
967,5,135000,1955,1955,151,1098,1098,1098,1,6,0,1955,1,260,0,0,0,0
968,3,37900,1910,1950,0,600,600,968,1,6,0,1927,0,0,0,0,0,0
969,6,140000,1958,1958,105,588,1095,1095,1,6,0,1958,1,264,0,0,0,0
970,4,135000,1949,1950,0,720,720,1192,1,6,0,1927,0,0,0,0,0,0
971,7,173000,2003,2004,106,764,764,1626,2,6,0,2003,2,474,1,1,1,1
972,6,99500,1979,1979,0,918,918,918,2,5,1,1979,1,264,0,0,0,0
973,7,182000,2007,2008,0,1428,1428,1428,2,6,0,2007,2,480,0,1,1,0
974,7,167500,1910,1993,0,728,1136,2019,1,8,0,1997,2,532,0,0,0,0
975,7,165000,2000,2000,0,673,673,1382,2,6,0,2000,2,490,0,1,1,1
976,4,85500,1923,1958,0,440,869,869,1,4,0,1927,0,0,0,0,1,0
977,7,199900,2006,2007,0,1241,1241,1241,1,4,0,2007,2,569,0,1,1,1
978,4,110000,1954,1954,0,894,894,894,1,5,0,1999,2,400,0,0,0,0
979,5,139000,1963,1963,0,1121,1121,1121,1,5,0,1963,2,480,0,0,1,0
980,7,178400,1961,2007,210,944,999,999,1,6,0,1961,2,588,0,0,0,0
981,8,336000,1998,1999,975,1225,1276,2612,2,8,1,1998,3,676,0,1,1,1
982,7,159895,2007,2007,16,1266,1266,1266,2,6,1,2007,2,388,0,1,1,0
983,8,255900,2002,2002,0,1128,1149,2290,2,9,1,2002,2,779,0,1,1,0
984,5,126000,1977,1977,0,0,1302,1734,2,8,0,1977,2,539,0,0,0,0
985,5,125000,1950,1950,0,1164,1164,1164,1,5,0,1950,1,240,0,0,0,0
986,6,117000,1910,2003,0,485,1001,1635,1,5,0,1950,1,255,0,0,0,0
987,9,395192,2009,2010,450,1930,1940,1940,2,8,1,2010,3,606,1,0,1,1
988,6,195000,1976,1976,298,848,1118,2030,2,8,1,1976,2,551,0,0,0,0
989,7,197000,2006,2006,0,770,778,1576,2,6,0,2006,2,614,0,1,1,0
990,8,348000,1997,1998,423,1396,1407,2392,2,7,1,1997,3,870,0,1,1,1
991,8,168000,1882,1986,0,916,916,1742,1,8,1,1925,2,424,0,1,0,0
992,6,187000,1964,1993,340,822,1020,1851,2,7,1,1964,2,440,0,0,0,0
993,6,173900,2005,2006,0,750,750,1500,2,6,0,2005,2,564,0,0,1,0
994,10,337500,2006,2007,230,1700,1718,1718,2,7,1,2008,3,786,1,0,1,1
995,4,121600,1946,1950,0,747,774,1230,1,5,0,1946,1,305,0,0,0,0
996,5,136500,1961,1961,0,1050,1050,1050,1,6,0,1961,1,368,0,0,0,0
997,6,185000,1970,1970,571,1442,1442,1442,2,6,1,1970,2,615,0,0,0,0
998,3,91000,1922,1950,0,1007,1077,1077,1,6,1,1922,1,210,0,0,0,0
999,7,206000,2006,2006,24,1187,1208,1208,2,6,0,2006,2,632,0,1,1,1
1000,3,82000,1952,1952,0,0,944,944,1,4,0,1956,2,528,0,0,0,0
1001,5,86000,1920,1950,0,691,691,691,1,4,0,1920,1,216,0,0,0,0
1002,8,232000,2006,2006,53,1574,1574,1574,2,7,1,2006,3,824,0,1,1,1
1003,5,136905,1976,1976,164,1680,1680,1680,2,8,0,1976,2,528,0,0,0,0
1004,7,181000,2005,2006,16,1346,1504,1504,2,7,1,2005,2,457,0,1,1,1
1005,5,149900,1977,1977,220,985,985,985,2,6,0,1977,1,328,0,1,0,1
1006,6,163500,1970,1970,0,1657,1657,1657,2,7,1,1970,2,484,0,0,0,0
1007,4,88000,1970,1970,0,546,546,1092,1,6,0,1970,1,286,0,0,0,0
1008,7,240000,2004,2005,108,1710,1710,1710,2,7,1,2004,2,550,0,1,1,0
1009,5,102000,1926,1950,0,1008,1008,1522,2,7,0,1927,0,0,0,0,0,0
1010,5,135000,1948,1950,0,720,720,1271,2,7,1,1948,1,312,0,0,0,0
1011,5,100000,1965,1965,0,0,1664,1664,2,8,0,1927,0,0,0,0,0,0
1012,6,165000,1923,1996,0,602,900,1502,1,7,2,1923,1,180,0,0,1,0
1013,5,85000,1910,2006,0,1022,1022,1022,1,4,0,1956,1,280,0,0,0,0
1014,6,119200,1948,1950,206,1082,1082,1082,1,5,1,1948,1,240,0,0,0,0
1015,8,227000,2001,2001,0,810,810,1665,2,6,0,2001,2,528,0,1,1,1
1016,7,203000,1996,1996,196,1504,1504,1504,2,6,1,1996,2,478,0,1,1,1
1017,8,187500,1984,1984,0,1220,1360,1360,1,4,1,1984,2,565,0,1,0,1
1018,7,160000,1991,1992,76,384,802,1472,2,7,1,1991,2,402,0,1,1,0
1019,7,213490,2005,2005,145,1362,1506,1506,2,6,1,2005,2,440,0,1,1,1
1020,4,176000,2005,2005,0,1132,1132,1132,1,5,0,2005,2,451,0,0,1,1
1021,7,194000,2006,2006,84,1199,1220,1220,2,6,0,2006,2,632,0,1,1,1
1022,5,87000,1930,1950,0,912,912,1248,1,6,0,1957,1,160,0,0,0,0
1023,7,191000,2005,2006,14,1346,1504,1504,2,7,1,2005,2,437,0,1,1,1
1024,8,287000,1976,1976,0,1565,2898,2898,2,10,1,1976,2,665,0,1,0,0
1025,5,112500,1972,1972,0,882,882,882,1,5,0,1980,2,461,0,0,0,0
1026,5,167500,1960,1960,324,1268,1264,1264,1,6,2,1960,2,461,0,0,0,0
1027,8,293077,2007,2008,338,1638,1646,1646,2,7,1,2008,3,800,0,1,1,1
1028,5,105000,1941,1950,0,768,968,1376,1,6,1,1941,1,240,0,0,0,0
1029,6,118000,1972,1972,281,672,672,1218,1,7,0,1972,1,264,0,0,0,0
1030,5,160000,1916,1995,0,686,948,1928,2,10,0,1927,0,0,0,0,1,0
1031,7,197000,1920,1970,0,824,1687,3082,2,12,2,1970,2,672,0,0,0,1
1032,8,310000,1993,1993,0,1338,1352,2520,2,10,1,1993,3,796,0,1,1,1
1033,7,230000,2002,2002,295,1654,1654,1654,2,6,0,2002,3,900,0,1,1,1
1034,5,119750,1938,1950,0,920,954,954,1,5,1,1938,1,240,0,0,1,0
1035,4,84000,1957,1957,0,0,845,845,1,5,0,1957,1,290,0,0,0,0
1036,9,315500,2007,2008,70,1620,1620,1620,2,6,1,2008,3,912,0,1,1,1
1037,8,287000,2001,2002,396,1055,1055,2263,2,7,1,2001,2,905,0,1,1,0
1038,4,97000,1970,2008,0,546,798,1344,1,6,1,1927,0,0,0,0,0,0
1039,4,80000,1970,1970,0,630,630,630,1,3,0,1970,1,286,0,0,0,1
1040,5,155000,1957,2000,67,1134,1803,1803,2,8,1,1957,2,484,0,0,0,0
1041,6,173000,1966,2000,252,800,800,1632,1,7,0,1966,2,484,0,0,0,1
1042,6,196000,2005,2005,135,1306,1306,1306,2,5,1,2005,2,624,1,1,1,0
1043,7,262280,1990,1990,99,1475,1532,2329,2,10,1,1990,2,514,0,0,1,1
1044,8,278000,1981,1981,0,2524,2524,2524,2,9,1,1981,2,542,0,1,1,0
1045,3,139600,1955,1955,0,0,1733,1733,2,8,1,1955,2,452,0,0,0,0
1046,9,556581,2005,2006,208,1992,1992,2868,3,11,1,2005,3,716,0,1,1,1
1047,5,145000,1994,1995,0,990,990,990,1,5,0,1996,2,672,0,0,1,1
1048,5,115000,1960,2006,75,0,1771,1771,1,9,1,1960,2,336,0,0,0,0
1049,4,84900,1946,2006,0,0,930,930,1,6,0,1946,1,308,0,0,0,0
1050,7,176485,2007,2007,0,1302,1302,1302,2,6,0,2007,2,436,0,1,1,0
1051,7,200141,2007,2007,0,1316,1316,1316,2,6,1,2007,2,440,0,1,1,0
1052,6,165000,1964,1978,272,816,1127,1977,1,9,1,1964,2,540,0,0,0,0
1053,5,144500,1957,2002,145,1216,1526,1526,1,7,1,1957,1,364,0,0,0,0
1054,8,255000,2002,2002,210,1065,1091,1989,2,7,1,2002,2,586,0,1,1,1
1055,6,180000,1976,1976,160,1193,1523,1523,2,7,1,1976,2,478,0,0,0,0
1056,7,185850,2005,2005,240,1364,1364,1364,2,6,1,2005,2,484,1,1,1,1
1057,7,248000,1994,1994,0,973,979,1850,2,7,1,1994,2,467,0,1,1,1
1058,9,335000,2008,2008,154,1104,1130,2184,2,10,1,2008,3,836,1,0,1,1
1059,6,220000,1932,1950,480,854,1096,1991,1,7,1,1977,2,432,0,0,0,0
1060,8,213500,2001,2001,0,1338,1338,1338,2,6,0,2001,2,582,0,1,1,1
1061,3,81000,1935,1950,0,894,894,894,1,6,0,1994,3,1248,0,0,0,0
1062,5,90000,1900,1950,0,662,1422,2337,2,10,0,1945,2,560,0,0,0,0
1063,6,110500,1925,1980,0,1103,1103,1103,1,5,1,1976,2,440,0,0,0,0
1064,5,154000,1966,1966,200,1154,1154,1154,1,6,1,1966,2,480,0,0,0,0
1065,7,328000,1996,1997,0,1306,1306,2260,2,7,0,1996,2,533,0,1,1,1
1066,6,178000,1993,1994,0,799,799,1571,2,7,1,1993,2,380,0,1,1,0
1067,6,167900,1964,1964,360,780,798,1611,1,7,0,1964,2,442,0,0,0,1
1068,6,151400,1973,1973,0,942,1291,2521,2,10,1,1973,2,576,0,0,0,0
1069,5,135000,1949,2003,0,845,893,893,1,4,0,1985,2,576,0,0,0,0
1070,5,135000,1956,1956,120,1048,1048,1048,1,6,0,1956,1,286,0,0,0,0
1071,6,154000,1968,1968,0,727,829,1556,1,8,0,1968,2,441,0,0,0,0
1072,5,91500,1948,1950,0,810,1002,1456,1,7,1,1954,1,280,0,0,0,0
1073,6,159500,1977,1977,140,690,698,1426,1,6,0,1977,2,440,0,0,0,0
1074,7,194000,2006,2006,0,1240,1240,1240,2,5,0,2006,3,826,0,1,1,0
1075,7,219500,1940,1984,0,800,960,1740,1,6,2,1940,1,240,0,0,0,0
1076,5,170000,1936,1989,0,796,1096,1466,2,7,1,1950,2,566,0,0,0,0
1077,5,138800,1969,1969,0,1096,1096,1096,1,6,0,1969,1,299,0,0,0,0
1078,6,155900,2004,2004,169,848,848,848,1,3,1,2004,2,420,0,1,1,1
1079,5,126000,1994,1994,0,990,990,990,1,5,0,1996,1,299,0,0,1,1
1080,6,145000,1971,2004,144,1258,1258,1258,2,5,0,1971,2,528,0,1,0,0
1081,5,133000,1963,1963,0,1040,1040,1040,1,5,0,1963,1,308,0,0,0,0
1082,7,192000,2002,2002,100,1459,1459,1459,2,6,1,2002,2,527,0,1,1,0
1083,6,160000,1964,1964,425,1251,1251,1251,1,6,2,1964,1,461,0,0,0,0
1084,6,187500,1995,1996,0,691,691,1498,2,6,1,1995,2,409,0,0,1,0
1085,6,147000,1992,1992,0,936,996,996,1,5,0,1992,2,564,0,0,1,1
1086,4,83500,1973,1973,0,546,546,1092,1,6,0,1973,1,286,0,0,0,0
1087,8,252000,2005,2006,0,1082,1082,1953,2,9,1,2005,3,1043,0,1,1,0
1088,7,137500,2004,2004,50,970,970,1709,2,7,0,2004,2,380,0,1,1,0
1089,8,197000,2005,2005,0,1247,1247,1247,1,4,1,2005,2,550,0,1,1,1
1090,3,92900,1950,1950,0,0,1040,1040,2,6,0,1987,2,400,0,0,0,0
1091,7,160000,1999,2000,212,600,624,1252,2,4,0,1999,2,462,0,1,1,0
1092,6,136500,1925,1950,0,1181,1390,1694,2,7,1,1925,2,576,0,0,1,0
1093,5,146000,1965,1998,166,864,1200,1200,1,6,0,1977,2,884,0,0,0,1
1094,5,129000,1956,2000,0,936,936,936,1,4,0,1956,1,308,0,0,0,0
1095,6,176432,2006,2006,0,1314,1314,1314,2,6,1,2006,2,440,0,1,1,1
1096,6,127000,1914,2006,0,684,773,1355,1,7,0,1927,0,0,0,0,1,0
1097,8,170000,1986,1986,0,1074,1088,1088,1,5,0,1987,2,461,0,1,0,0
1098,4,128000,1936,1950,0,672,757,1324,1,6,0,1936,1,240,0,0,0,0
1099,7,157000,1978,1978,206,1271,1601,1601,2,7,1,1978,2,478,0,0,0,0
1100,2,60000,1920,1950,0,290,438,438,1,3,0,1930,1,246,0,0,0,0
1101,5,119500,1971,1971,0,950,950,950,1,5,0,1981,1,280,0,0,0,0
1102,5,135000,1960,2002,45,1010,1134,1134,1,6,0,1960,1,254,0,0,0,0
1103,6,159500,1959,1959,0,655,1194,1194,1,6,1,1954,2,539,0,0,0,0
1104,5,106000,1970,1970,304,630,630,1302,2,6,0,1970,2,440,0,0,0,0
1105,8,325000,1994,1995,362,1463,1500,2622,2,9,2,1994,2,712,0,1,1,1
1106,7,179900,1990,1991,0,910,1442,1442,2,6,1,1990,2,719,0,1,1,1
1107,7,274725,2006,2006,0,868,887,2021,2,9,1,2006,2,422,0,1,1,0
1108,6,181000,2000,2000,0,924,948,1690,2,7,1,2000,2,463,0,0,1,0
1109,8,280000,2004,2005,42,1836,1836,1836,2,7,1,2004,3,862,1,1,1,1
1110,6,188000,1995,1996,0,773,773,1658,2,8,1,1995,2,431,0,0,1,1
1111,7,205000,1976,1976,660,803,1098,1964,2,8,1,1976,2,483,0,0,0,0
1112,5,129900,1957,1957,0,816,816,816,1,5,0,1957,1,308,0,0,0,1
1113,5,134500,1953,2006,0,1008,1008,1008,1,6,0,1953,1,240,0,0,0,0
1114,5,117000,1954,2000,0,833,833,833,1,4,0,1955,1,326,0,0,0,0
1115,8,318000,2007,2007,328,1734,1734,1734,2,7,1,2007,3,928,1,1,1,1
1116,8,184100,2002,2002,0,408,779,1419,2,7,1,2002,2,527,0,1,1,1
1117,5,130000,1967,2003,0,894,894,894,1,5,0,1967,2,450,0,0,0,0
1118,5,140000,1958,1987,0,533,1021,1601,1,6,0,1958,1,300,0,0,0,0
1119,5,133700,1959,1959,0,1040,1040,1040,1,6,0,1959,1,286,0,0,0,0
1120,6,118400,1920,1950,0,1012,1012,1012,1,6,1,1920,1,308,0,0,0,0
1121,7,212900,2005,2006,196,1552,1552,1552,2,7,0,2005,3,782,0,1,1,1
1122,4,112000,1956,1956,0,672,960,960,1,5,0,1956,1,288,0,0,0,0
1123,5,118000,1947,2008,0,698,698,698,1,4,0,1927,0,0,0,0,0,0
1124,7,163900,1992,1992,170,384,812,1482,2,7,1,1992,2,392,0,0,1,0
1125,4,115000,1955,1955,0,1005,1005,1005,1,5,1,1977,2,672,0,0,0,0
1126,7,174000,2007,2007,130,1373,1555,1555,2,7,1,2007,3,660,0,1,1,0
1127,7,259000,2004,2004,0,1530,1530,1530,2,7,1,2004,3,630,0,1,1,1
1128,7,215000,2004,2005,0,847,847,1959,2,8,1,2004,2,434,0,1,1,0
1129,5,140000,1980,1980,180,936,936,936,1,4,0,1980,2,672,0,0,0,1
1130,4,135000,1928,1950,0,1122,1328,1981,2,7,2,1981,2,576,0,0,0,0
1131,5,93500,1991,1992,0,974,974,974,1,5,0,1927,0,0,0,0,1,0
1132,6,117500,1880,1950,0,1008,1178,2210,2,8,0,1930,1,205,0,0,0,0
1133,8,239500,1995,1995,0,1128,1142,2020,2,8,1,1995,2,466,0,1,1,1
1134,6,169000,1997,1997,0,916,916,1600,2,7,1,1997,2,460,0,0,1,0
1135,6,102000,1926,1950,0,960,986,986,1,5,1,1926,1,180,0,0,0,0
1136,6,119000,1950,1950,0,1032,1032,1252,1,6,0,1950,1,288,0,0,0,0
1137,5,94000,1875,1996,0,780,780,1020,1,6,0,1927,0,0,0,0,0,0
1138,6,196000,1977,1977,0,1567,1567,1567,2,5,2,1977,2,714,0,0,1,0
1139,5,144000,1920,1950,0,915,1167,1167,1,6,1,1972,2,495,0,0,0,0
1140,5,139000,1951,1951,0,952,952,952,1,4,0,1988,2,840,0,0,0,0
1141,5,197500,1976,1976,44,780,1088,1868,2,9,1,1976,2,484,0,0,0,0
1142,8,424870,2006,2007,340,1466,1466,2828,3,11,1,2006,3,1052,0,1,1,1
1143,5,80000,1959,1959,0,1006,1006,1006,1,5,0,1927,0,0,0,0,0,1
1144,4,80000,1941,1950,0,672,672,924,1,5,0,1941,1,280,0,0,0,0
1145,5,149000,1928,1950,0,1042,1042,1576,1,8,1,1928,1,225,0,0,0,0
1146,6,180000,1985,1985,85,1298,1298,1298,2,5,1,1985,2,403,0,1,0,1
1147,7,174500,1941,1950,0,704,860,1564,1,7,1,1941,1,234,0,0,0,0
1148,7,116900,1926,1950,0,572,572,1111,1,5,1,1982,1,288,0,0,1,0
1149,7,143000,1920,1988,0,650,832,1482,1,7,0,1930,2,324,0,0,1,0
1150,6,124000,1950,1950,0,932,932,932,1,4,1,1950,1,306,0,0,0,0
1151,5,149900,1959,1959,132,1466,1466,1466,1,6,2,1959,2,528,0,0,0,0
1152,6,230000,1956,2004,0,1073,1811,1811,1,6,1,1956,2,470,0,0,1,0
1153,6,120500,1930,2007,0,816,816,816,1,5,0,2002,1,432,0,1,0,0
1154,7,201800,1965,1988,288,864,902,1820,1,8,2,1965,2,492,0,0,0,0
1155,5,218000,1976,2004,0,1437,1437,1437,2,6,1,1976,2,528,0,1,0,0
1156,5,179900,1965,1999,0,1219,1265,1265,2,6,1,1965,2,502,0,0,1,0
1157,7,230000,2007,2008,166,1314,1314,1314,2,6,1,2008,2,626,1,1,1,1
1158,8,235128,2007,2008,186,1580,1580,1580,2,7,0,2008,3,830,0,1,1,0
1159,6,185000,1974,1974,270,901,943,1876,2,8,1,1974,2,540,0,1,0,0
1160,6,146000,1978,1978,0,855,855,1456,2,7,1,1978,2,440,0,0,0,0
1161,6,224000,1954,2006,72,1296,1640,1640,1,7,1,1993,2,924,0,1,0,0
1162,5,129000,1968,1968,0,894,894,894,1,5,1,1968,2,450,0,0,0,0
1163,4,108959,1969,1969,0,1198,1258,1258,0,6,0,1969,2,400,0,0,0,1
1164,5,194000,1978,1978,0,1360,1432,1432,1,5,1,1978,2,588,0,0,1,0
1165,7,233170,2009,2009,268,1502,1502,1502,2,7,0,2009,2,644,1,1,1,0
1166,8,245350,2008,2008,72,1694,1694,1694,2,7,0,2008,3,776,0,1,1,0
1167,6,173000,2000,2000,0,959,959,1671,2,7,1,2000,2,472,0,0,1,1
1168,6,235000,1935,1986,0,1127,1236,2108,2,7,2,1935,2,540,0,0,0,0
1169,10,625000,1995,1996,1378,1930,1831,3627,3,10,1,1995,3,807,0,1,1,1
1170,6,171000,1977,1977,0,1096,1118,1118,1,6,1,1977,1,358,0,0,0,0
1171,6,163000,1958,1958,0,1261,1261,1261,1,6,1,1958,2,433,0,0,0,0
1172,7,171900,2006,2007,0,625,625,1250,2,5,0,2006,2,625,0,1,1,0
1173,5,200500,1946,1994,0,1598,1636,3086,3,12,1,1927,0,0,0,0,0,0
1174,6,239000,1932,1950,0,952,1170,2345,2,9,1,1932,2,360,0,0,0,0
1175,8,285000,1992,2000,337,1683,2129,2872,2,9,1,1992,2,541,0,1,1,1
1176,5,119500,1984,1985,0,876,923,923,1,5,0,1984,1,264,0,0,0,0
1177,6,115000,1926,2004,0,818,818,1224,1,5,0,1926,1,210,0,0,0,0
1178,5,154900,1921,1950,0,731,820,1343,1,7,1,1921,1,186,0,0,0,0
1179,5,93000,1954,1954,0,0,1124,1124,1,5,1,1927,0,0,0,0,0,0
1180,7,250000,1990,1991,0,1216,1298,2514,2,8,0,1990,2,693,0,0,0,0
1181,8,392500,2008,2008,186,1600,1652,1652,2,5,1,2008,2,482,0,0,1,1
1182,10,745000,1996,1996,0,2396,2411,4476,3,10,2,1996,3,813,0,1,1,1
1183,5,120000,1920,1950,0,1120,1130,1130,1,5,1,1970,2,720,0,0,0,0
1184,5,186700,1963,1963,226,1572,1572,1572,1,5,2,1963,3,995,0,0,0,0
1185,5,104900,1924,1950,0,784,949,1221,1,7,0,1965,1,392,0,0,0,0
1186,3,95000,1900,1970,0,978,1014,1699,2,7,0,1920,2,420,0,0,0,0
1187,8,262000,1994,1995,0,1624,1624,1624,2,5,1,1994,3,757,0,1,1,1
1188,7,195000,2002,2002,95,831,831,1660,2,7,0,2002,2,493,0,1,1,0
1189,7,189000,1999,1999,0,994,1028,1804,2,7,1,1999,2,442,0,0,1,0
1190,4,168000,1961,1975,149,1249,1622,1622,1,7,1,1975,4,1356,0,0,0,0
1191,8,174000,1999,2000,456,776,764,1441,2,5,0,1999,2,492,0,1,1,0
1192,5,125000,1925,1994,0,702,842,1472,1,6,0,1925,1,250,0,0,1,0
1193,6,165000,1999,1999,425,1224,1224,1224,2,5,0,1999,2,402,0,0,1,1
1194,6,158000,1969,1969,143,663,663,1352,1,7,0,1969,1,299,0,0,0,0
1195,6,176000,2005,2005,0,728,728,1456,2,8,0,2005,2,400,0,0,1,0
1196,7,219210,2006,2006,0,879,879,1863,2,9,1,2006,3,660,0,1,1,0
1197,7,144000,1916,1950,0,815,815,1690,1,7,1,1916,1,225,0,0,0,0
1198,7,178000,2001,2001,0,1212,1212,1212,2,6,0,2001,2,573,0,1,1,0
1199,4,148000,1963,1979,51,1051,1382,1382,1,6,1,1974,2,459,0,0,0,0
1200,4,116050,1970,1970,0,864,864,864,1,5,0,1972,1,280,0,0,0,0
1201,7,197900,1998,1998,0,866,866,1779,2,6,0,1998,2,546,0,0,1,0
1202,5,117000,1925,1997,0,884,884,1348,1,5,1,1960,1,216,0,0,0,0
1203,7,213000,2000,2001,171,1630,1630,1630,2,6,1,2000,2,451,0,1,1,0
1204,5,153500,1975,1975,0,1056,1074,1074,1,6,0,1975,2,495,0,0,0,0
1205,7,271900,1990,1991,234,2158,2196,2196,2,7,1,1990,3,701,0,1,0,0
1206,4,107000,1966,1966,0,1056,1056,1056,1,5,0,1966,1,384,0,0,0,0
1207,6,200000,2003,2003,120,1682,1700,1700,2,7,0,2003,2,544,0,1,1,1
1208,5,140000,1962,1980,0,931,1283,1283,1,6,0,1980,2,506,0,0,0,0
1209,8,290000,2006,2006,420,1660,1660,1660,2,8,1,2006,2,500,0,1,1,1
1210,6,189000,1992,1992,0,1055,1055,1845,2,8,1,1992,2,462,0,1,1,0
1211,8,164000,1988,2005,0,559,1080,1752,2,8,0,1988,2,492,0,1,0,1
1212,4,113000,1941,1950,0,672,672,672,1,4,0,1941,1,234,0,0,0,0
1213,4,145000,1965,2001,0,648,960,960,0,3,0,1965,1,364,0,0,0,1
1214,5,134500,1962,1962,0,925,999,999,1,6,0,1962,1,300,0,0,0,0
1215,5,125000,1966,1966,0,894,894,894,1,5,0,1966,1,384,0,0,0,0
1216,6,112000,1978,1978,0,0,1318,1902,2,8,0,1978,2,539,0,0,0,0
1217,8,229456,2009,2009,72,1300,1314,1314,2,6,0,2009,2,552,0,1,1,1
1218,4,80500,1947,1950,0,0,672,912,1,3,0,1927,0,0,0,0,0,0
1219,6,91500,1971,1971,236,672,672,1218,1,7,0,1927,0,0,0,0,0,0
1220,5,115000,1964,1964,0,912,912,912,1,5,0,1964,1,288,0,0,0,0
1221,5,134000,1968,1968,0,952,1211,1211,1,5,1,1968,1,322,0,0,0,0
1222,6,143000,1949,1950,320,1040,1168,1846,2,7,1,1949,1,315,0,0,0,0
1223,5,137900,1951,1951,44,2136,2136,2136,2,7,0,1951,2,528,0,0,0,0
1224,7,184000,2004,2005,0,788,788,1490,2,8,1,2004,2,388,0,1,1,1
1225,6,145000,1958,1958,63,588,1138,1138,1,6,0,1958,1,264,0,0,0,1
1226,6,214000,2007,2007,74,894,894,1933,2,9,1,2007,3,668,0,1,1,0
1227,5,147000,1965,2008,300,912,912,912,1,5,0,1992,2,576,0,0,0,0
1228,9,367294,2008,2008,766,1702,1702,1702,1,7,1,2008,3,1052,1,0,1,1
1229,5,127000,1960,1960,0,1075,1507,1507,2,7,0,1960,1,404,0,0,0,0
1230,5,190000,1977,1977,1,1361,1361,2620,2,12,1,1977,2,600,0,0,0,1
1231,5,132500,1962,1962,120,1106,1190,1190,1,6,0,1962,2,540,0,0,0,0
1232,4,101800,1962,1962,0,0,1224,1224,2,6,0,1962,2,462,0,0,0,0
1233,5,142000,1959,1959,180,1188,1188,1188,1,6,0,1959,2,531,0,0,0,0
1234,5,130000,1911,1950,0,940,1024,1964,1,7,0,1927,0,0,0,0,1,0
1235,5,138887,1914,1950,0,747,892,1784,1,9,0,1914,1,180,0,0,0,0
1236,7,175500,2003,2003,106,764,764,1626,2,6,0,2003,2,474,1,1,1,0
1237,7,195000,2004,2005,0,847,847,1948,2,8,1,2004,2,434,0,1,1,0
1238,6,142500,2005,2005,0,1141,1141,1141,1,6,0,2005,2,484,0,1,1,0
1239,8,265900,2006,2006,32,1476,1484,1484,2,6,1,2006,2,472,0,1,1,1
1240,7,224900,2003,2003,252,884,884,1768,2,8,0,2003,2,543,0,1,1,1
1241,7,248328,2007,2007,0,1689,1689,1689,2,7,0,2007,3,954,0,1,1,0
1242,7,170000,1974,1974,81,1053,1173,1173,2,6,2,1974,2,528,0,0,0,1
1243,10,465000,2006,2006,0,2076,2076,2076,2,7,1,2006,3,850,1,0,1,1
1244,8,230000,1929,1950,0,792,792,1517,1,7,2,1931,2,400,0,0,1,0
1245,6,178000,1984,2003,74,585,1140,1868,3,7,1,1984,2,477,0,0,0,0
1246,7,186500,2005,2006,0,756,756,1553,2,6,0,2005,2,615,0,1,1,0
1247,6,169900,1976,1976,335,1012,1034,1034,1,6,0,1976,3,888,0,0,0,1
1248,6,129500,1917,1950,0,735,1134,2058,1,8,1,1950,2,396,0,0,0,0
1249,5,119000,1950,1950,0,876,988,988,1,6,0,1950,1,276,0,0,0,0
1250,7,244000,1968,1968,0,2110,2110,2110,2,8,2,1968,2,522,0,1,0,0
1251,7,171750,2003,2003,163,1405,1405,1405,2,6,1,2003,2,478,1,1,1,0
1252,5,130000,1968,1968,0,864,874,874,1,5,0,1968,1,288,0,0,0,0
1253,7,294000,1974,2003,0,1192,1516,2167,2,9,2,1974,2,518,0,1,0,0
1254,7,165400,2003,2004,92,746,760,1656,2,7,1,2003,2,397,0,1,1,0
1255,6,127500,1931,1950,0,884,959,1367,1,6,1,1978,1,560,0,0,0,0
1256,8,301500,1994,1994,554,1986,1987,1987,2,7,1,1994,2,691,0,1,1,1
1257,5,99900,1922,1950,0,864,864,864,1,4,0,1927,0,0,0,0,1,0
1258,7,190000,2005,2005,182,856,1166,1166,2,5,0,2005,2,400,0,1,1,1
1259,6,151000,1969,1969,0,1054,1054,1054,1,6,0,1969,2,460,0,0,0,0
1260,6,181000,1999,1999,0,841,892,1675,2,7,1,1999,2,502,0,0,1,0
1261,5,128900,1956,1956,0,1050,1050,1050,1,5,0,1956,1,338,0,0,0,0
1262,4,161500,1957,1989,0,1104,1104,1788,1,8,2,1957,1,304,0,0,0,0
1263,6,180500,1919,1950,0,764,1060,1824,1,8,1,1940,2,520,0,0,1,0
1264,6,181000,1998,1999,0,1405,1337,1337,2,5,0,1998,2,511,0,1,1,1
1265,7,183900,1999,1999,218,691,713,1452,2,6,0,1999,2,506,0,1,1,1
1266,7,122000,1910,1950,0,925,964,1889,1,9,1,1960,1,308,0,0,0,0
1267,9,378500,2008,2009,0,2002,2018,2018,2,10,1,2009,3,746,0,0,1,0
1268,8,381000,1935,1997,632,728,1968,3447,3,11,2,1982,3,1014,0,0,0,0
1269,5,144000,1958,1958,180,874,874,1524,1,7,0,1958,1,315,0,0,0,0
1270,7,260000,1979,1979,0,1332,1332,1524,0,4,1,1979,2,586,0,1,1,1
1271,6,185750,1968,1968,0,1489,1489,1489,2,7,1,1968,2,462,0,0,0,0
1272,5,137000,1965,1965,114,935,935,935,1,5,0,1965,1,288,0,0,0,0
1273,6,177000,1959,2006,84,1019,1357,1357,1,5,1,1959,1,312,0,0,0,0
1274,5,139000,1910,2003,0,661,661,1250,2,8,1,1985,2,552,0,0,1,0
1275,5,137000,1948,1950,567,928,928,1920,2,10,0,1948,2,400,0,0,0,0
1276,6,162000,1972,1972,0,723,735,1395,1,6,1,1972,2,497,0,0,0,0
1277,6,197900,1967,1976,359,1680,1724,1724,1,7,1,1967,2,480,0,0,0,0
1278,8,237000,2002,2002,0,1128,1128,2031,2,7,1,2002,2,577,0,1,1,1
1279,4,68400,1920,1950,0,698,698,1128,1,6,0,1980,2,528,0,0,0,0
1280,7,227000,2002,2002,110,1573,1573,1573,2,6,0,2002,2,544,0,1,1,1
1281,7,180000,1990,1990,54,1309,1339,1339,2,6,1,1990,2,484,0,0,0,0
1282,5,150500,1977,2008,0,1040,1040,1040,2,5,0,1977,2,484,0,0,0,0
1283,6,139000,1971,1971,0,912,912,1824,2,8,0,1927,0,0,0,0,0,0
1284,6,169000,1919,1990,0,804,1699,2447,2,10,1,1969,1,336,0,0,1,0
1285,6,132500,1939,1950,0,780,825,1412,1,6,1,1939,1,280,0,0,0,0
1286,6,143000,1963,1963,451,1328,1328,1328,1,6,2,1963,2,528,0,0,0,0
1287,5,190000,1964,1964,621,1624,1582,1582,2,7,0,1964,2,390,0,0,0,0
1288,8,278000,2000,2000,0,1501,1659,1659,2,5,1,2000,2,499,0,1,1,1
1289,8,281000,2006,2006,788,1085,1120,1970,2,8,1,2006,3,753,1,1,1,0
1290,5,180500,1964,1964,86,1152,1152,1152,1,6,1,1964,2,484,0,0,1,1
1291,5,119500,1972,1972,268,630,630,1302,2,6,0,1972,1,264,0,0,0,0
1292,5,107500,1892,1965,0,994,1378,2372,2,11,0,1985,1,432,0,0,0,0
1293,7,162900,1976,1976,0,832,832,1664,2,8,1,1976,2,528,0,0,1,1
1294,5,115000,1955,1990,0,864,864,864,1,5,0,1957,2,572,0,0,0,0
1295,5,138500,1968,1968,168,1052,1052,1052,1,5,0,1968,1,288,0,0,0,0
1296,5,155000,1963,1963,148,1120,1128,1128,2,6,0,1963,2,525,0,0,0,0
1297,6,140000,2005,2006,82,547,1072,1072,2,5,0,2005,2,525,0,0,1,1
1298,10,160000,2008,2008,796,6110,4692,5642,2,12,3,2008,2,1418,0,0,1,1
1299,5,154000,1959,1994,0,1246,1246,1246,1,6,0,1959,1,305,0,0,0,0
1300,7,225000,1999,1999,344,978,1005,1983,2,9,1,1999,2,490,0,1,1,1
1301,6,177500,1942,1950,0,771,753,1494,1,7,2,1942,1,213,0,0,0,0
1302,8,290000,1994,1994,391,1165,1203,2526,2,8,1,1994,3,844,0,1,1,1
1303,7,232000,2005,2005,228,1616,1616,1616,2,7,0,2005,3,834,0,1,1,0
1304,7,130000,2004,2004,117,976,976,1708,2,7,0,2004,2,380,0,1,1,0
1305,9,325000,2006,2007,300,1652,1652,1652,2,6,2,2006,2,840,1,1,1,1
1306,7,202500,2005,2006,94,1368,1368,1368,2,6,1,2005,2,474,1,1,1,0
1307,5,138000,1994,1995,0,990,990,990,1,5,0,2000,2,480,0,0,1,0
1308,5,147000,1948,2005,0,924,1122,1122,1,6,0,1948,2,528,0,0,0,1
1309,6,179200,1991,1991,88,1278,1294,1294,2,6,0,1991,2,496,0,0,0,1
1310,7,335000,1959,2002,0,1902,1902,1902,2,7,2,1959,2,567,0,1,1,1
1311,7,203000,2005,2007,80,1274,1274,1274,2,6,0,2005,2,508,0,1,1,1
1312,8,302000,1990,1990,336,1453,1453,2810,2,9,1,1990,2,750,0,1,1,1
1313,9,333168,1999,1999,165,1393,1422,2599,2,10,1,1999,3,779,0,1,1,0
1314,4,119000,1954,1954,0,948,948,948,1,5,1,1956,1,280,0,0,0,0
1315,6,206900,1969,1969,0,952,1092,2112,2,9,2,1969,2,576,0,0,0,0
1316,8,295493,2008,2008,270,1622,1630,1630,2,8,1,2008,3,860,0,1,1,0
1317,7,208900,2006,2007,0,1352,1352,1352,2,5,1,2006,2,466,0,1,1,0
1318,8,275000,2001,2002,178,1753,1787,1787,2,7,1,2001,3,748,0,1,1,0
1319,4,111000,1954,1954,132,864,948,948,1,5,0,1954,1,248,0,0,1,0
1320,6,156500,1957,1957,0,1478,1478,1478,1,6,2,1957,2,442,0,0,0,0
1321,3,72500,1949,1950,0,0,720,720,1,4,0,1955,1,287,0,0,0,0
1322,7,190000,1992,1992,0,750,1061,1923,2,8,1,1992,2,564,0,1,1,1
1323,4,82500,1940,1950,0,420,708,708,1,5,0,1927,0,0,0,0,0,0
1324,8,147000,2006,2007,428,1795,1795,1795,2,7,1,2007,3,895,0,1,1,0
1325,4,55000,1922,1950,0,796,796,796,1,5,0,1927,0,0,0,0,0,0
1326,3,79000,1931,2006,0,544,774,774,1,6,0,1927,0,0,0,0,0,0
1327,5,130500,1982,2008,0,816,816,816,1,5,1,1982,1,264,0,1,0,0
1328,6,256000,1920,1950,0,1510,1584,2792,2,8,2,1920,2,520,0,1,0,0
1329,7,176500,1998,1998,0,935,955,1632,2,8,1,1998,2,462,0,0,1,0
1330,8,227000,2006,2006,410,1588,1588,1588,2,7,1,2006,3,825,0,1,1,0
1331,5,132500,1976,1976,0,911,954,954,1,6,0,1976,2,576,0,0,0,0
1332,4,100000,1938,1958,0,816,816,816,1,3,1,1958,1,288,0,0,0,0
1333,5,125500,1938,1995,0,803,803,1360,1,6,0,1951,1,297,0,0,0,0
1334,5,125000,1970,1970,312,765,765,1365,1,7,0,1970,2,440,0,0,0,0
1335,6,167900,1977,1977,360,1350,1334,1334,2,6,1,1977,2,630,0,0,0,0
1336,5,135000,1973,1973,564,1656,1656,1656,2,8,0,1973,2,506,0,0,0,0
1337,4,52500,1941,1950,0,693,693,693,1,4,0,1927,0,0,0,0,0,0
1338,7,200000,2002,2002,0,916,920,1861,2,8,0,2002,2,492,0,1,1,1
1339,5,128500,1972,1972,0,864,864,864,1,5,0,1972,1,288,0,0,0,0
1340,4,123000,1971,1971,0,858,872,872,1,5,0,1974,4,480,0,0,0,0
1341,6,155000,2003,2004,0,1114,1114,1114,1,6,0,2004,2,576,0,0,1,1
1342,8,228500,2002,2002,149,1284,1284,2169,2,7,1,2002,2,647,0,1,1,0
1343,6,177000,1928,1950,0,896,1172,1913,1,9,1,1929,2,342,0,0,0,0
1344,7,155835,2006,2006,0,728,728,1456,2,8,1,2006,2,440,0,1,1,0
1345,4,108500,1920,1950,0,960,960,960,1,5,0,1997,1,308,0,0,1,0
1346,7,262500,1968,2003,0,1568,2156,2156,2,9,1,1968,2,508,0,0,0,0
1347,8,283463,2006,2007,100,1732,1776,1776,2,7,1,2006,3,712,0,1,1,1
1348,7,215000,1998,1998,0,1482,1494,1494,2,5,1,1998,2,514,0,1,1,1
1349,8,122000,1872,1987,0,684,938,2358,2,8,0,1927,0,0,0,0,0,0
1350,5,200000,1969,1969,368,1248,1338,2634,2,12,0,1969,4,968,0,0,0,0
1351,6,171000,1962,1962,318,858,858,1716,1,8,1,1962,2,490,0,0,0,0
1352,6,134900,1937,2000,0,698,786,1176,1,4,0,1999,2,624,0,1,0,0
1353,8,410000,1995,1996,579,2033,2053,3238,2,9,1,1996,3,666,0,1,1,1
1354,7,235000,2000,2000,0,992,992,1865,2,7,1,2000,3,839,0,1,1,1
1355,7,170000,1968,1992,143,570,1222,1920,3,8,1,1968,2,487,0,0,0,0
1356,5,110000,1966,1966,65,864,892,892,1,5,0,1966,1,264,0,0,0,0
1357,5,149900,1971,2008,0,1078,1078,1078,1,6,1,1971,2,500,0,0,0,1
1358,6,177500,2000,2000,216,756,769,1573,2,5,0,2000,2,440,0,1,1,1
1359,9,315000,2004,2005,66,1980,1980,1980,2,8,1,2004,3,770,1,1,1,1
1360,5,189000,1921,1998,0,612,990,2601,3,8,0,1998,2,621,0,0,0,0
1361,7,260000,2005,2005,16,1530,1530,1530,2,7,1,2005,2,430,0,1,1,0
1362,4,104900,1920,2007,0,715,1281,1738,2,7,1,1920,1,368,0,0,0,0
1363,6,156932,2006,2007,0,616,616,1412,2,6,1,2007,2,432,0,0,1,0
1364,7,144152,2005,2005,0,600,520,1200,2,4,0,2005,2,480,0,1,1,0
1365,7,216000,2000,2000,0,814,814,1674,2,7,0,2000,2,663,0,1,1,1
1366,7,193000,1999,1999,158,873,882,1790,2,7,0,1999,2,588,0,1,1,1
1367,5,127000,1977,1977,0,757,925,1475,2,6,1,1977,1,336,0,0,1,0
1368,6,144000,2003,2004,170,848,848,848,1,4,0,2003,2,420,0,1,1,1
1369,8,232000,2003,2003,171,1657,1668,1668,2,8,1,2003,2,502,0,1,1,0
1370,4,105000,1920,1950,0,840,840,1374,1,6,0,1967,1,338,0,0,1,0
1371,6,165500,1955,1996,0,992,1661,1661,1,8,1,1955,1,377,0,0,0,0
1372,7,274300,1998,1998,0,1108,1108,2097,2,8,1,1998,2,583,0,0,1,1
1373,10,466500,2001,2002,705,2633,2633,2633,2,8,2,2001,3,804,0,0,1,1
1374,7,250000,2005,2005,0,1026,1026,1958,2,9,1,2005,3,936,0,1,1,0
1375,8,239000,2007,2007,80,1571,1571,1571,2,7,1,2007,3,722,0,1,1,0
1376,6,91000,1930,1950,0,768,790,790,1,4,0,1925,1,160,0,0,0,0
1377,5,117000,1941,1960,0,984,984,1604,2,6,0,1977,2,660,0,0,0,0
1378,6,83000,1973,1973,408,483,483,987,1,5,0,1973,1,264,0,0,0,0
1379,5,167500,2006,2007,0,384,754,1394,2,7,0,2007,2,400,0,0,1,0
1380,3,58500,1914,1950,0,864,864,864,1,5,0,1938,1,200,0,0,0,0
1381,6,237500,1970,1970,0,1205,2117,2117,2,7,2,1970,2,550,0,0,0,0
1382,7,157000,1920,1950,0,596,998,1762,1,8,0,1989,2,576,0,0,0,0
1383,5,112000,1918,2007,0,816,1416,1416,2,7,0,2007,2,576,0,0,0,0
1384,6,105000,1939,1950,0,560,698,1258,1,6,0,1939,1,280,0,0,0,0
1385,4,125500,1922,2007,0,796,796,1154,1,7,0,1922,1,240,0,0,0,0
1386,7,250000,1978,1978,184,1392,1392,2784,3,12,2,1978,2,564,0,0,0,0
1387,6,136000,1916,1950,0,714,1664,2526,2,10,1,1916,1,216,0,0,0,0
1388,9,377500,2006,2007,160,1746,1746,1746,2,7,2,2006,3,758,0,0,1,1
1389,6,131000,1941,1950,0,735,869,1218,1,6,1,2003,2,440,0,0,0,0
1390,7,235000,2000,2000,244,1525,1525,1525,2,6,0,2000,2,541,0,1,1,1
1391,5,124000,1967,1967,0,1584,1584,1584,2,8,0,1967,3,792,0,0,0,0
1392,5,123000,1967,1967,0,864,900,900,1,6,1,1967,1,288,0,0,0,0
1393,6,163000,1905,2000,0,482,1221,1912,2,7,1,2003,2,672,0,0,0,0
1394,7,246578,2006,2006,45,1356,1500,1500,2,6,1,2006,3,648,0,1,1,1
1395,8,281213,2005,2006,245,1094,1133,2482,2,9,1,2005,3,642,0,1,1,0
1396,5,160000,1948,1950,0,747,1687,1687,1,7,2,1966,2,572,0,0,0,0
1397,5,137500,1920,2004,0,939,939,1513,1,8,0,1933,1,180,0,0,0,0
1398,5,138000,1950,1982,0,1208,1136,1904,1,7,0,1950,1,240,0,0,0,0
1399,6,137450,1925,1990,0,976,1160,1608,2,7,1,1925,1,216,0,0,0,0
1400,6,120000,1929,1950,0,862,950,1158,1,5,1,1929,1,208,0,0,0,0
1401,6,193000,2004,2004,0,839,864,1593,2,8,1,2004,2,398,0,0,1,1
1402,7,193879,2006,2006,0,1286,1294,1294,2,6,1,2006,2,662,0,1,1,0
1403,8,282922,2007,2007,84,1485,1464,1464,2,6,0,2007,3,754,0,1,1,1
1404,3,105000,1915,1950,0,672,694,1214,1,6,0,1998,3,936,0,0,1,0
1405,8,275000,2004,2005,174,1594,1646,1646,2,5,1,2004,2,482,0,1,1,1
1406,5,133000,1972,2007,0,768,768,768,1,5,0,1988,2,396,0,0,0,1
1407,5,112000,1985,1985,0,833,833,833,1,5,0,1927,0,0,0,0,0,0
1408,4,125500,1910,1950,0,622,741,1363,1,6,0,1966,2,528,0,0,0,0
1409,7,215000,1986,1991,123,791,1236,2093,2,7,1,1986,2,542,0,0,0,0
1410,7,230000,2001,2001,0,944,944,1840,2,6,0,2001,2,622,0,1,1,1
1411,6,140000,1950,2005,0,856,1112,1668,1,6,0,1950,1,271,0,0,0,0
1412,4,90000,1949,1950,0,0,1040,1040,2,6,0,1956,2,420,0,0,0,0
1413,8,257000,2005,2006,366,1844,1844,1844,2,7,1,2005,2,620,0,1,1,1
1414,6,207000,1923,2000,0,833,1053,1848,1,8,1,1922,2,370,0,0,0,0
1415,7,175900,2007,2007,130,1386,1569,1569,2,7,1,2007,3,660,0,1,1,0
1416,4,122500,1885,1950,0,777,1246,2290,2,11,0,1971,2,560,0,0,1,0
1417,8,340000,1998,1998,731,1284,1310,2450,2,7,1,1998,3,1069,0,1,1,1
1418,5,124000,1963,1963,0,1144,1144,1144,1,6,0,1962,1,336,0,0,0,0
1419,6,223000,1969,1969,312,1844,1844,1844,2,7,1,1969,2,540,0,1,0,0
1420,6,179900,1968,1968,420,708,708,1416,2,7,1,1968,2,776,0,0,0,0
1421,6,127500,1977,1977,0,1069,1069,1069,2,4,1,1977,2,440,0,0,0,0
1422,6,136500,2003,2003,170,848,848,848,1,3,0,2003,2,420,0,1,1,1
1423,6,274970,1966,1966,0,697,1575,2201,2,8,1,1966,2,432,0,1,0,0
1424,5,144000,1958,1983,0,1024,1344,1344,1,6,1,1970,1,484,0,0,0,0
1425,6,142000,1959,1959,243,1252,1252,1252,1,7,0,1960,2,528,0,1,0,0
1426,7,271000,1994,1994,448,1223,1223,2127,2,5,2,1994,2,525,0,1,1,1
1427,5,140000,1945,1950,0,913,1048,1558,1,6,1,1962,1,288,0,0,0,0
1428,5,119000,1940,1992,294,788,804,804,1,4,2,1940,1,240,0,0,0,0
1429,6,182900,1981,1981,310,1440,1440,1440,2,7,1,1981,2,467,0,1,0,0
1430,5,192140,2005,2005,0,732,734,1838,2,7,1,2005,2,372,0,1,1,0
1431,6,143750,1976,1976,0,958,958,958,2,5,0,1976,2,440,0,0,0,0
1432,4,64500,1927,2007,0,656,968,968,2,5,0,1928,1,216,0,0,0,0
1433,6,186500,2000,2000,318,936,962,1792,2,8,1,2000,2,451,0,0,1,0
1434,5,160000,1977,1977,0,1126,1126,1126,2,5,1,1977,2,484,0,0,0,0
1435,6,174000,1962,2005,237,1319,1537,1537,1,7,1,1962,2,462,0,1,0,0
1436,4,120500,1971,1971,0,864,864,864,1,5,0,1974,2,528,0,0,1,0
1437,8,394617,2008,2008,426,1932,1932,1932,2,7,1,2008,3,774,1,0,1,1
1438,6,149700,1957,1996,0,912,1236,1236,1,6,0,1957,2,923,0,0,0,1
1439,7,197000,1979,1979,96,539,1040,1725,2,6,1,1979,2,550,0,0,0,1
1440,6,191000,1922,1994,0,588,1423,2555,2,11,1,1993,2,672,0,0,0,0
1441,6,149300,2004,2004,147,848,848,848,1,3,1,2004,2,420,0,1,1,1
1442,10,310000,2008,2008,160,1017,1026,2007,2,10,1,2008,3,812,0,0,1,1
1443,6,121000,1916,1950,0,952,952,952,1,4,1,1916,1,192,0,0,0,0
1444,7,179600,2004,2004,106,1422,1422,1422,2,7,0,2004,2,626,0,1,1,0
1445,6,129000,1966,1966,0,814,913,913,1,6,0,1990,1,240,0,0,0,0
1446,5,157900,1962,1962,189,1188,1188,1188,1,6,0,1962,1,312,0,0,0,0
1447,8,240000,1995,1996,438,1220,1220,2090,2,8,1,1995,2,556,0,1,1,1
1448,4,112000,1910,2000,0,560,796,1346,1,6,0,1950,1,384,0,0,0,0
1449,5,92000,1970,1970,0,630,630,630,1,3,0,1927,0,0,0,0,0,1
1450,5,136000,1974,1974,0,896,896,1792,2,8,0,1927,0,0,0,0,0,0
1451,8,287090,2008,2009,194,1573,1578,1578,2,7,1,2008,3,840,0,1,1,0
1452,5,145000,2005,2005,80,547,1072,1072,1,5,0,2005,2,525,0,0,1,1
1453,5,84500,2006,2006,0,1140,1140,1140,1,6,0,1927,0,0,0,0,1,0
1454,7,185000,2004,2005,0,1221,1221,1221,2,6,0,2004,2,400,0,1,1,1
1455,6,175000,1999,2000,0,953,953,1647,2,7,1,1999,2,460,0,0,1,0
1456,6,210000,1978,1988,119,1542,2073,2073,2,7,2,1978,2,500,0,0,0,0
1457,7,266500,1941,2006,0,1152,1188,2340,2,9,2,1941,1,252,0,0,0,1
1458,5,142125,1950,1996,0,1078,1078,1078,1,5,0,1950,1,240,0,0,0,1
1459,5,147500,1965,1965,0,1256,1256,1256,1,6,0,1965,1,276,0,1,0,0
